toolId	target	subject	category	educationLevels	expression	additionalBranches	symbolic	canonicalUnit	method	exactness	constraints	sourceRefs
chem-v4-calorimetry	c	Chemistry	Chemistry Expansion	GENERAL	q/(m*dT)			J/(g*K)	CLOSED_FORM_NUMERIC	EXACT_WHEN_DECLARED	Declared domain constraints are enforced; missing values are never guessed.	OPENSTAX_CHEMISTRY_2E|V4_ORIGINAL_MISSION|V4_SUBJECT_EXPANSION
chem-v4-calorimetry	dT	Chemistry	Chemistry Expansion	GENERAL	q/(m*c)			K	CLOSED_FORM_NUMERIC	EXACT_WHEN_DECLARED	Declared domain constraints are enforced; missing values are never guessed.	OPENSTAX_CHEMISTRY_2E|V4_ORIGINAL_MISSION|V4_SUBJECT_EXPANSION
chem-v4-calorimetry	m	Chemistry	Chemistry Expansion	GENERAL	q/(c*dT)			g	CLOSED_FORM_NUMERIC	EXACT_WHEN_DECLARED	Declared domain constraints are enforced; missing values are never guessed.	OPENSTAX_CHEMISTRY_2E|V4_ORIGINAL_MISSION|V4_SUBJECT_EXPANSION
chem-v4-calorimetry	q	Chemistry	Chemistry Expansion	GENERAL	m*c*dT			J	CLOSED_FORM_NUMERIC	EXACT_WHEN_DECLARED	Declared domain constraints are enforced; missing values are never guessed.	OPENSTAX_CHEMISTRY_2E|V4_ORIGINAL_MISSION|V4_SUBJECT_EXPANSION
chem-v4-faraday-electrolysis	I	Chemistry	Chemistry Expansion	GENERAL	m*z*96485.33212/(t*M)			A	CLOSED_FORM_NUMERIC	EXACT_WHEN_DECLARED	Declared domain constraints are enforced; missing values are never guessed.	OPENSTAX_CHEMISTRY_2E|V4_ORIGINAL_MISSION|V4_SUBJECT_EXPANSION
chem-v4-faraday-electrolysis	M	Chemistry	Chemistry Expansion	GENERAL	m*z*96485.33212/(I*t)			g/mol	CLOSED_FORM_NUMERIC	EXACT_WHEN_DECLARED	Declared domain constraints are enforced; missing values are never guessed.	OPENSTAX_CHEMISTRY_2E|V4_ORIGINAL_MISSION|V4_SUBJECT_EXPANSION
chem-v4-faraday-electrolysis	m	Chemistry	Chemistry Expansion	GENERAL	I*t*M/(z*96485.33212)			g	CLOSED_FORM_NUMERIC	EXACT_WHEN_DECLARED	Declared domain constraints are enforced; missing values are never guessed.	OPENSTAX_CHEMISTRY_2E|V4_ORIGINAL_MISSION|V4_SUBJECT_EXPANSION
chem-v4-faraday-electrolysis	t	Chemistry	Chemistry Expansion	GENERAL	m*z*96485.33212/(I*M)			s	CLOSED_FORM_NUMERIC	EXACT_WHEN_DECLARED	Declared domain constraints are enforced; missing values are never guessed.	OPENSTAX_CHEMISTRY_2E|V4_ORIGINAL_MISSION|V4_SUBJECT_EXPANSION
chem-v4-faraday-electrolysis	z	Chemistry	Chemistry Expansion	GENERAL	I*t*M/(m*96485.33212)				CLOSED_FORM_NUMERIC	EXACT_WHEN_DECLARED	Declared domain constraints are enforced; missing values are never guessed.	OPENSTAX_CHEMISTRY_2E|V4_ORIGINAL_MISSION|V4_SUBJECT_EXPANSION
chem-v4-first-order-half-life	k	Chemistry	Chemistry Expansion	GENERAL	ln(2)/t_half			1/s	CLOSED_FORM_NUMERIC	EXACT_WHEN_DECLARED	All declared domain constraints are enforced; required values may not be guessed.	V4_DETERMINISTIC_CATALOG|V4_ORIGINAL_MISSION
chem-v4-first-order-half-life	t_half	Chemistry	Chemistry Expansion	GENERAL	ln(2)/k			s	CLOSED_FORM_NUMERIC	EXACT_WHEN_DECLARED	All declared domain constraints are enforced; required values may not be guessed.	V4_DETERMINISTIC_CATALOG|V4_ORIGINAL_MISSION
chem-v4-first-order-rate	C	Chemistry	Chemistry Expansion	GENERAL	rate/k			mol/L	CLOSED_FORM_NUMERIC	EXACT_WHEN_DECLARED	Declared domain constraints are enforced; missing values are never guessed.	OPENSTAX_CHEMISTRY_2E|V4_ORIGINAL_MISSION|V4_SUBJECT_EXPANSION
chem-v4-first-order-rate	k	Chemistry	Chemistry Expansion	GENERAL	rate/C			1/s	CLOSED_FORM_NUMERIC	EXACT_WHEN_DECLARED	Declared domain constraints are enforced; missing values are never guessed.	OPENSTAX_CHEMISTRY_2E|V4_ORIGINAL_MISSION|V4_SUBJECT_EXPANSION
chem-v4-first-order-rate	rate	Chemistry	Chemistry Expansion	GENERAL	k*C			mol/(L*s)	CLOSED_FORM_NUMERIC	EXACT_WHEN_DECLARED	Declared domain constraints are enforced; missing values are never guessed.	OPENSTAX_CHEMISTRY_2E|V4_ORIGINAL_MISSION|V4_SUBJECT_EXPANSION
chem-v4-mass-fraction	m_solute	Chemistry	Chemistry Expansion	GENERAL	w*m_solution			g	CLOSED_FORM_NUMERIC	EXACT_WHEN_DECLARED	All declared domain constraints are enforced; required values may not be guessed.	V4_DETERMINISTIC_CATALOG|V4_ORIGINAL_MISSION
chem-v4-mass-fraction	m_solution	Chemistry	Chemistry Expansion	GENERAL	m_solute/w			g	CLOSED_FORM_NUMERIC	EXACT_WHEN_DECLARED	All declared domain constraints are enforced; required values may not be guessed.	V4_DETERMINISTIC_CATALOG|V4_ORIGINAL_MISSION
chem-v4-mass-fraction	w	Chemistry	Chemistry Expansion	GENERAL	m_solute/m_solution				CLOSED_FORM_NUMERIC	EXACT_WHEN_DECLARED	All declared domain constraints are enforced; required values may not be guessed.	V4_DETERMINISTIC_CATALOG|V4_ORIGINAL_MISSION
chem-v4-molality	b	Chemistry	Chemistry Expansion	GENERAL	n/kg			mol/kg	CLOSED_FORM_NUMERIC	EXACT_WHEN_DECLARED	All declared domain constraints are enforced; required values may not be guessed.	V4_DETERMINISTIC_CATALOG|V4_ORIGINAL_MISSION
chem-v4-molality	kg	Chemistry	Chemistry Expansion	GENERAL	n/b			kg	CLOSED_FORM_NUMERIC	EXACT_WHEN_DECLARED	All declared domain constraints are enforced; required values may not be guessed.	V4_DETERMINISTIC_CATALOG|V4_ORIGINAL_MISSION
chem-v4-molality	n	Chemistry	Chemistry Expansion	GENERAL	b*kg			mol	CLOSED_FORM_NUMERIC	EXACT_WHEN_DECLARED	All declared domain constraints are enforced; required values may not be guessed.	V4_DETERMINISTIC_CATALOG|V4_ORIGINAL_MISSION
chem-v4-osmotic-pressure	M	Chemistry	Chemistry Expansion	GENERAL	Pi/(8.314462618*T)			mol/m3	CLOSED_FORM_NUMERIC	EXACT_WHEN_DECLARED	Declared domain constraints are enforced; missing values are never guessed.	OPENSTAX_CHEMISTRY_2E|V4_ORIGINAL_MISSION|V4_SUBJECT_EXPANSION
chem-v4-osmotic-pressure	Pi	Chemistry	Chemistry Expansion	GENERAL	M*8.314462618*T			Pa	CLOSED_FORM_NUMERIC	EXACT_WHEN_DECLARED	Declared domain constraints are enforced; missing values are never guessed.	OPENSTAX_CHEMISTRY_2E|V4_ORIGINAL_MISSION|V4_SUBJECT_EXPANSION
chem-v4-osmotic-pressure	T	Chemistry	Chemistry Expansion	GENERAL	Pi/(M*8.314462618)			K	CLOSED_FORM_NUMERIC	EXACT_WHEN_DECLARED	Declared domain constraints are enforced; missing values are never guessed.	OPENSTAX_CHEMISTRY_2E|V4_ORIGINAL_MISSION|V4_SUBJECT_EXPANSION
chem-v4-partial-pressure	Pi	Chemistry	Chemistry Expansion	GENERAL	xi*Ptotal			Pa	CLOSED_FORM_NUMERIC	EXACT_WHEN_DECLARED	Declared domain constraints are enforced; missing values are never guessed.	OPENSTAX_CHEMISTRY_2E|V4_ORIGINAL_MISSION|V4_SUBJECT_EXPANSION
chem-v4-partial-pressure	Ptotal	Chemistry	Chemistry Expansion	GENERAL	Pi/xi			Pa	CLOSED_FORM_NUMERIC	EXACT_WHEN_DECLARED	Declared domain constraints are enforced; missing values are never guessed.	OPENSTAX_CHEMISTRY_2E|V4_ORIGINAL_MISSION|V4_SUBJECT_EXPANSION
chem-v4-partial-pressure	xi	Chemistry	Chemistry Expansion	GENERAL	Pi/Ptotal				CLOSED_FORM_NUMERIC	EXACT_WHEN_DECLARED	Declared domain constraints are enforced; missing values are never guessed.	OPENSTAX_CHEMISTRY_2E|V4_ORIGINAL_MISSION|V4_SUBJECT_EXPANSION
chem-v4-particles-moles	N	Chemistry	Chemistry Expansion	GENERAL	n*6.02214076e23				CLOSED_FORM_NUMERIC	EXACT_WHEN_DECLARED	Declared domain constraints are enforced; missing values are never guessed.	OPENSTAX_CHEMISTRY_2E|V4_ORIGINAL_MISSION|V4_SUBJECT_EXPANSION
chem-v4-particles-moles	n	Chemistry	Chemistry Expansion	GENERAL	N/6.02214076e23			mol	CLOSED_FORM_NUMERIC	EXACT_WHEN_DECLARED	Declared domain constraints are enforced; missing values are never guessed.	OPENSTAX_CHEMISTRY_2E|V4_ORIGINAL_MISSION|V4_SUBJECT_EXPANSION
chem-v4-percent-yield	actual	Chemistry	Chemistry Expansion	GENERAL	yield*theoretical/100				CLOSED_FORM_NUMERIC	EXACT_WHEN_DECLARED	All declared domain constraints are enforced; required values may not be guessed.	V4_DETERMINISTIC_CATALOG|V4_ORIGINAL_MISSION
chem-v4-percent-yield	theoretical	Chemistry	Chemistry Expansion	GENERAL	actual*100/yield				CLOSED_FORM_NUMERIC	EXACT_WHEN_DECLARED	All declared domain constraints are enforced; required values may not be guessed.	V4_DETERMINISTIC_CATALOG|V4_ORIGINAL_MISSION
chem-v4-percent-yield	yield	Chemistry	Chemistry Expansion	GENERAL	actual/theoretical*100			%	CLOSED_FORM_NUMERIC	EXACT_WHEN_DECLARED	All declared domain constraints are enforced; required values may not be guessed.	V4_DETERMINISTIC_CATALOG|V4_ORIGINAL_MISSION
chem-v4-ph	H	Chemistry	Chemistry Expansion	GENERAL	10^(-pH)			mol/L	CLOSED_FORM_NUMERIC	EXACT_WHEN_DECLARED	All declared domain constraints are enforced; required values may not be guessed.	V4_DETERMINISTIC_CATALOG|V4_ORIGINAL_MISSION
chem-v4-ph	pH	Chemistry	Chemistry Expansion	GENERAL	-log10(H)				CLOSED_FORM_NUMERIC	EXACT_WHEN_DECLARED	All declared domain constraints are enforced; required values may not be guessed.	V4_DETERMINISTIC_CATALOG|V4_ORIGINAL_MISSION
chem-v4-ph-poh	pH	Chemistry	Chemistry Expansion	GENERAL	14-pOH				CLOSED_FORM_NUMERIC	EXACT_WHEN_DECLARED	Declared domain constraints are enforced; missing values are never guessed.	OPENSTAX_CHEMISTRY_2E|V4_ORIGINAL_MISSION|V4_SUBJECT_EXPANSION
chem-v4-ph-poh	pOH	Chemistry	Chemistry Expansion	GENERAL	14-pH				CLOSED_FORM_NUMERIC	EXACT_WHEN_DECLARED	Declared domain constraints are enforced; missing values are never guessed.	OPENSTAX_CHEMISTRY_2E|V4_ORIGINAL_MISSION|V4_SUBJECT_EXPANSION
chem-v4-poh	OH	Chemistry	Chemistry Expansion	GENERAL	10^(-pOH)			mol/L	CLOSED_FORM_NUMERIC	EXACT_WHEN_DECLARED	Declared domain constraints are enforced; missing values are never guessed.	OPENSTAX_CHEMISTRY_2E|V4_ORIGINAL_MISSION|V4_SUBJECT_EXPANSION
chem-v4-poh	pOH	Chemistry	Chemistry Expansion	GENERAL	-log10(OH)				CLOSED_FORM_NUMERIC	EXACT_WHEN_DECLARED	Declared domain constraints are enforced; missing values are never guessed.	OPENSTAX_CHEMISTRY_2E|V4_ORIGINAL_MISSION|V4_SUBJECT_EXPANSION
chemistry-dilution	C1	Chemistry	Chemistry	GENERAL	C2*V2/V1			mol/L	CLOSED_FORM_NUMERIC	EXACT_WHEN_DECLARED	C1 must be non-negative | V1 must be non-negative | C2 must be non-negative | V2 must be non-negative	BACKEND_1_1_VERIFIED_BASELINE
chemistry-dilution	C2	Chemistry	Chemistry	GENERAL	C1*V1/V2			mol/L	CLOSED_FORM_NUMERIC	EXACT_WHEN_DECLARED	C1 must be non-negative | V1 must be non-negative | C2 must be non-negative | V2 must be non-negative	BACKEND_1_1_VERIFIED_BASELINE
chemistry-dilution	V1	Chemistry	Chemistry	GENERAL	C2*V2/C1			L	CLOSED_FORM_NUMERIC	EXACT_WHEN_DECLARED	C1 must be non-negative | V1 must be non-negative | C2 must be non-negative | V2 must be non-negative	BACKEND_1_1_VERIFIED_BASELINE
chemistry-dilution	V2	Chemistry	Chemistry	GENERAL	C1*V1/C2			L	CLOSED_FORM_NUMERIC	EXACT_WHEN_DECLARED	C1 must be non-negative | V1 must be non-negative | C2 must be non-negative | V2 must be non-negative	BACKEND_1_1_VERIFIED_BASELINE
chemistry-ideal-gas	P	Chemistry	Chemistry	GENERAL	n*8.314462618*T/V			Pa	CLOSED_FORM_NUMERIC	EXACT_WHEN_DECLARED	P must be non-negative | V must be non-negative | n must be non-negative | T must be non-negative	BACKEND_1_1_VERIFIED_BASELINE
chemistry-ideal-gas	T	Chemistry	Chemistry	GENERAL	P*V/(n*8.314462618)			K	CLOSED_FORM_NUMERIC	EXACT_WHEN_DECLARED	P must be non-negative | V must be non-negative | n must be non-negative | T must be non-negative	BACKEND_1_1_VERIFIED_BASELINE
chemistry-ideal-gas	V	Chemistry	Chemistry	GENERAL	n*8.314462618*T/P			m³	CLOSED_FORM_NUMERIC	EXACT_WHEN_DECLARED	P must be non-negative | V must be non-negative | n must be non-negative | T must be non-negative	BACKEND_1_1_VERIFIED_BASELINE
chemistry-ideal-gas	n	Chemistry	Chemistry	GENERAL	P*V/(8.314462618*T)			mol	CLOSED_FORM_NUMERIC	EXACT_WHEN_DECLARED	P must be non-negative | V must be non-negative | n must be non-negative | T must be non-negative	BACKEND_1_1_VERIFIED_BASELINE
chemistry-mass-moles	M	Chemistry	Chemistry	GENERAL	m/n			g/mol	CLOSED_FORM_NUMERIC	EXACT_WHEN_DECLARED	n must be non-negative | m must be non-negative | M must be non-negative	BACKEND_1_1_VERIFIED_BASELINE
chemistry-mass-moles	m	Chemistry	Chemistry	GENERAL	n*M			g	CLOSED_FORM_NUMERIC	EXACT_WHEN_DECLARED	n must be non-negative | m must be non-negative | M must be non-negative	BACKEND_1_1_VERIFIED_BASELINE
chemistry-mass-moles	n	Chemistry	Chemistry	GENERAL	m/M			mol	CLOSED_FORM_NUMERIC	EXACT_WHEN_DECLARED	n must be non-negative | m must be non-negative | M must be non-negative	BACKEND_1_1_VERIFIED_BASELINE
chemistry-molarity	C	Chemistry	Chemistry	GENERAL	n/V			mol/L	CLOSED_FORM_NUMERIC	EXACT_WHEN_DECLARED	C must be non-negative | n must be non-negative | V must be non-negative	BACKEND_1_1_VERIFIED_BASELINE
chemistry-molarity	V	Chemistry	Chemistry	GENERAL	n/C			L	CLOSED_FORM_NUMERIC	EXACT_WHEN_DECLARED	C must be non-negative | n must be non-negative | V must be non-negative	BACKEND_1_1_VERIFIED_BASELINE
chemistry-molarity	n	Chemistry	Chemistry	GENERAL	C*V			mol	CLOSED_FORM_NUMERIC	EXACT_WHEN_DECLARED	C must be non-negative | n must be non-negative | V must be non-negative	BACKEND_1_1_VERIFIED_BASELINE
chemistry-solution-density	V	Chemistry	Chemistry	GENERAL	m/rho			m³	CLOSED_FORM_NUMERIC	EXACT_WHEN_DECLARED	rho must be non-negative | m must be non-negative | V must be non-negative	BACKEND_1_1_VERIFIED_BASELINE
chemistry-solution-density	m	Chemistry	Chemistry	GENERAL	rho*V			kg	CLOSED_FORM_NUMERIC	EXACT_WHEN_DECLARED	rho must be non-negative | m must be non-negative | V must be non-negative	BACKEND_1_1_VERIFIED_BASELINE
chemistry-solution-density	rho	Chemistry	Chemistry	GENERAL	m/V			kg/m³	CLOSED_FORM_NUMERIC	EXACT_WHEN_DECLARED	rho must be non-negative | m must be non-negative | V must be non-negative	BACKEND_1_1_VERIFIED_BASELINE
chemistry-stoichiometric-ratio	n1	Chemistry	Chemistry	GENERAL	n2*c1/c2			mol	CLOSED_FORM_NUMERIC	EXACT_WHEN_DECLARED	n1 must be non-negative | c1 must be non-negative | c2 must be non-negative | n2 must be non-negative	BACKEND_1_1_VERIFIED_BASELINE
chemistry-stoichiometric-ratio	n2	Chemistry	Chemistry	GENERAL	n1*c2/c1			mol	CLOSED_FORM_NUMERIC	EXACT_WHEN_DECLARED	n1 must be non-negative | c1 must be non-negative | c2 must be non-negative | n2 must be non-negative	BACKEND_1_1_VERIFIED_BASELINE
computer-v4-pixel-buffer	bpp	Computer	Computer Expansion	GENERAL	bytes*8/(width*height)				CLOSED_FORM_NUMERIC	EXACT_WHEN_DECLARED	All declared domain constraints are enforced; required values may not be guessed.	V4_DETERMINISTIC_CATALOG|V4_ORIGINAL_MISSION
computer-v4-pixel-buffer	bytes	Computer	Computer Expansion	GENERAL	width*height*bpp/8			byte	CLOSED_FORM_NUMERIC	EXACT_WHEN_DECLARED	All declared domain constraints are enforced; required values may not be guessed.	V4_DETERMINISTIC_CATALOG|V4_ORIGINAL_MISSION
computer-v4-pixel-buffer	height	Computer	Computer Expansion	GENERAL	bytes*8/(width*bpp)				CLOSED_FORM_NUMERIC	EXACT_WHEN_DECLARED	All declared domain constraints are enforced; required values may not be guessed.	V4_DETERMINISTIC_CATALOG|V4_ORIGINAL_MISSION
computer-v4-pixel-buffer	width	Computer	Computer Expansion	GENERAL	bytes*8/(height*bpp)				CLOSED_FORM_NUMERIC	EXACT_WHEN_DECLARED	All declared domain constraints are enforced; required values may not be guessed.	V4_DETERMINISTIC_CATALOG|V4_ORIGINAL_MISSION
computer-v4-storage-overhead	overhead	Computer	Computer Expansion	GENERAL	total/payload-1				CLOSED_FORM_NUMERIC	EXACT_WHEN_DECLARED	All declared domain constraints are enforced; required values may not be guessed.	V4_DETERMINISTIC_CATALOG|V4_ORIGINAL_MISSION
computer-v4-storage-overhead	payload	Computer	Computer Expansion	GENERAL	total/(1+overhead)			byte	CLOSED_FORM_NUMERIC	EXACT_WHEN_DECLARED	All declared domain constraints are enforced; required values may not be guessed.	V4_DETERMINISTIC_CATALOG|V4_ORIGINAL_MISSION
computer-v4-storage-overhead	total	Computer	Computer Expansion	GENERAL	payload*(1+overhead)			byte	CLOSED_FORM_NUMERIC	EXACT_WHEN_DECLARED	All declared domain constraints are enforced; required values may not be guessed.	V4_DETERMINISTIC_CATALOG|V4_ORIGINAL_MISSION
computer-v4-transfer-time	bps	Computer	Computer Expansion	GENERAL	bytes*8/time			bit/s	CLOSED_FORM_NUMERIC	EXACT_WHEN_DECLARED	All declared domain constraints are enforced; required values may not be guessed.	V4_DETERMINISTIC_CATALOG|V4_ORIGINAL_MISSION
computer-v4-transfer-time	bytes	Computer	Computer Expansion	GENERAL	time*bps/8			byte	CLOSED_FORM_NUMERIC	EXACT_WHEN_DECLARED	All declared domain constraints are enforced; required values may not be guessed.	V4_DETERMINISTIC_CATALOG|V4_ORIGINAL_MISSION
computer-v4-transfer-time	time	Computer	Computer Expansion	GENERAL	bytes*8/bps			s	CLOSED_FORM_NUMERIC	EXACT_WHEN_DECLARED	All declared domain constraints are enforced; required values may not be guessed.	V4_DETERMINISTIC_CATALOG|V4_ORIGINAL_MISSION
date-v4-duration-hours	hours	Date & Time	Date / Time Expansion	GENERAL	seconds/3600			h	CLOSED_FORM_NUMERIC	EXACT_WHEN_DECLARED	All declared domain constraints are enforced; required values may not be guessed.	V4_DETERMINISTIC_CATALOG|V4_ORIGINAL_MISSION
date-v4-duration-hours	seconds	Date & Time	Date / Time Expansion	GENERAL	hours*3600			s	CLOSED_FORM_NUMERIC	EXACT_WHEN_DECLARED	All declared domain constraints are enforced; required values may not be guessed.	V4_DETERMINISTIC_CATALOG|V4_ORIGINAL_MISSION
date-v4-epoch-seconds	milliseconds	Date & Time	Date / Time Expansion	GENERAL	seconds*1000				CLOSED_FORM_NUMERIC	EXACT_WHEN_DECLARED	All declared domain constraints are enforced; required values may not be guessed.	V4_DETERMINISTIC_CATALOG|V4_ORIGINAL_MISSION
date-v4-epoch-seconds	seconds	Date & Time	Date / Time Expansion	GENERAL	milliseconds/1000				CLOSED_FORM_NUMERIC	EXACT_WHEN_DECLARED	All declared domain constraints are enforced; required values may not be guessed.	V4_DETERMINISTIC_CATALOG|V4_ORIGINAL_MISSION
discriminant	discriminant	Math	Algebra	GENERAL	b^2-4*a*c				CLOSED_FORM_NUMERIC	EXACT_WHEN_DECLARED		BACKEND_1_1_VERIFIED_BASELINE
finance-compound-interest	A	Finance	Finance	GENERAL	P*(1+r/(100*n))^(n*t)				CLOSED_FORM_NUMERIC	EXACT_WHEN_DECLARED		BACKEND_1_1_VERIFIED_BASELINE
finance-compound-interest	P	Finance	Finance	GENERAL	A/(1+r/(100*n))^(n*t)				CLOSED_FORM_NUMERIC	EXACT_WHEN_DECLARED		BACKEND_1_1_VERIFIED_BASELINE
finance-discount	discount	Finance	Finance	GENERAL	(1-final/price)*100				CLOSED_FORM_NUMERIC	EXACT_WHEN_DECLARED		BACKEND_1_1_VERIFIED_BASELINE
finance-discount	final	Finance	Finance	GENERAL	price*(1-discount/100)				CLOSED_FORM_NUMERIC	EXACT_WHEN_DECLARED		BACKEND_1_1_VERIFIED_BASELINE
finance-discount	price	Finance	Finance	GENERAL	final/(1-discount/100)				CLOSED_FORM_NUMERIC	EXACT_WHEN_DECLARED		BACKEND_1_1_VERIFIED_BASELINE
finance-margin	cost	Finance	Finance	GENERAL	revenue*(1-margin/100)				CLOSED_FORM_NUMERIC	EXACT_WHEN_DECLARED		BACKEND_1_1_VERIFIED_BASELINE
finance-margin	margin	Finance	Finance	GENERAL	(revenue-cost)/revenue*100				CLOSED_FORM_NUMERIC	EXACT_WHEN_DECLARED		BACKEND_1_1_VERIFIED_BASELINE
finance-margin	revenue	Finance	Finance	GENERAL	cost/(1-margin/100)				CLOSED_FORM_NUMERIC	EXACT_WHEN_DECLARED		BACKEND_1_1_VERIFIED_BASELINE
finance-markup	cost	Finance	Finance	GENERAL	price/(1+markup/100)				CLOSED_FORM_NUMERIC	EXACT_WHEN_DECLARED		BACKEND_1_1_VERIFIED_BASELINE
finance-markup	markup	Finance	Finance	GENERAL	(price/cost-1)*100				CLOSED_FORM_NUMERIC	EXACT_WHEN_DECLARED		BACKEND_1_1_VERIFIED_BASELINE
finance-markup	price	Finance	Finance	GENERAL	cost*(1+markup/100)				CLOSED_FORM_NUMERIC	EXACT_WHEN_DECLARED		BACKEND_1_1_VERIFIED_BASELINE
finance-percentage-change	change	Finance	Finance	GENERAL	(new-old)/old*100				CLOSED_FORM_NUMERIC	EXACT_WHEN_DECLARED		BACKEND_1_1_VERIFIED_BASELINE
finance-percentage-change	new	Finance	Finance	GENERAL	old*(1+change/100)				CLOSED_FORM_NUMERIC	EXACT_WHEN_DECLARED		BACKEND_1_1_VERIFIED_BASELINE
finance-percentage-change	old	Finance	Finance	GENERAL	new/(1+change/100)				CLOSED_FORM_NUMERIC	EXACT_WHEN_DECLARED		BACKEND_1_1_VERIFIED_BASELINE
finance-simple-interest	A	Finance	Finance	GENERAL	P*(1+r*t/100)				CLOSED_FORM_NUMERIC	EXACT_WHEN_DECLARED		BACKEND_1_1_VERIFIED_BASELINE
finance-simple-interest	P	Finance	Finance	GENERAL	A/(1+r*t/100)				CLOSED_FORM_NUMERIC	EXACT_WHEN_DECLARED		BACKEND_1_1_VERIFIED_BASELINE
finance-simple-interest	r	Finance	Finance	GENERAL	(A/P-1)*100/t				CLOSED_FORM_NUMERIC	EXACT_WHEN_DECLARED		BACKEND_1_1_VERIFIED_BASELINE
finance-simple-interest	t	Finance	Finance	GENERAL	(A/P-1)*100/r				CLOSED_FORM_NUMERIC	EXACT_WHEN_DECLARED		BACKEND_1_1_VERIFIED_BASELINE
finance-tax	rate	Finance	Finance	GENERAL	(total/subtotal-1)*100				CLOSED_FORM_NUMERIC	EXACT_WHEN_DECLARED		BACKEND_1_1_VERIFIED_BASELINE
finance-tax	subtotal	Finance	Finance	GENERAL	total/(1+rate/100)				CLOSED_FORM_NUMERIC	EXACT_WHEN_DECLARED		BACKEND_1_1_VERIFIED_BASELINE
finance-tax	total	Finance	Finance	GENERAL	subtotal*(1+rate/100)				CLOSED_FORM_NUMERIC	EXACT_WHEN_DECLARED		BACKEND_1_1_VERIFIED_BASELINE
finance-tip	bill	Finance	Finance	GENERAL	total/(1+tip/100)				CLOSED_FORM_NUMERIC	EXACT_WHEN_DECLARED		BACKEND_1_1_VERIFIED_BASELINE
finance-tip	tip	Finance	Finance	GENERAL	(total/bill-1)*100				CLOSED_FORM_NUMERIC	EXACT_WHEN_DECLARED		BACKEND_1_1_VERIFIED_BASELINE
finance-tip	total	Finance	Finance	GENERAL	bill*(1+tip/100)				CLOSED_FORM_NUMERIC	EXACT_WHEN_DECLARED		BACKEND_1_1_VERIFIED_BASELINE
finance-v4-break-even	fixed	Finance	Finance Expansion	GENERAL	q*(price-variable)				CLOSED_FORM_NUMERIC	EXACT_WHEN_DECLARED	Declared domain constraints are enforced; missing values are never guessed.	V4_DETERMINISTIC_FINANCE_DOMAIN_MAP|V4_ORIGINAL_MISSION|V4_SUBJECT_EXPANSION
finance-v4-break-even	price	Finance	Finance Expansion	GENERAL	variable+fixed/q				CLOSED_FORM_NUMERIC	EXACT_WHEN_DECLARED	Declared domain constraints are enforced; missing values are never guessed.	V4_DETERMINISTIC_FINANCE_DOMAIN_MAP|V4_ORIGINAL_MISSION|V4_SUBJECT_EXPANSION
finance-v4-break-even	q	Finance	Finance Expansion	GENERAL	fixed/(price-variable)				CLOSED_FORM_NUMERIC	EXACT_WHEN_DECLARED	Declared domain constraints are enforced; missing values are never guessed.	V4_DETERMINISTIC_FINANCE_DOMAIN_MAP|V4_ORIGINAL_MISSION|V4_SUBJECT_EXPANSION
finance-v4-break-even	variable	Finance	Finance Expansion	GENERAL	price-fixed/q				CLOSED_FORM_NUMERIC	EXACT_WHEN_DECLARED	Declared domain constraints are enforced; missing values are never guessed.	V4_DETERMINISTIC_FINANCE_DOMAIN_MAP|V4_ORIGINAL_MISSION|V4_SUBJECT_EXPANSION
finance-v4-cagr	CAGR	Finance	Finance Expansion	GENERAL	(end/start)^(1/years)-1				CLOSED_FORM_NUMERIC	EXACT_WHEN_DECLARED	All declared domain constraints are enforced; required values may not be guessed.	V4_DETERMINISTIC_CATALOG|V4_ORIGINAL_MISSION
finance-v4-cagr	end	Finance	Finance Expansion	GENERAL	start*(1+CAGR)^years				CLOSED_FORM_NUMERIC	EXACT_WHEN_DECLARED	All declared domain constraints are enforced; required values may not be guessed.	V4_DETERMINISTIC_CATALOG|V4_ORIGINAL_MISSION
finance-v4-cagr	start	Finance	Finance Expansion	GENERAL	end/(1+CAGR)^years				CLOSED_FORM_NUMERIC	EXACT_WHEN_DECLARED	All declared domain constraints are enforced; required values may not be guessed.	V4_DETERMINISTIC_CATALOG|V4_ORIGINAL_MISSION
finance-v4-continuous-compounding	A	Finance	Finance Expansion	GENERAL	P*exp(r*t)				CLOSED_FORM_NUMERIC	EXACT_WHEN_DECLARED	Declared domain constraints are enforced; missing values are never guessed.	V4_DETERMINISTIC_FINANCE_DOMAIN_MAP|V4_ORIGINAL_MISSION|V4_SUBJECT_EXPANSION
finance-v4-continuous-compounding	P	Finance	Finance Expansion	GENERAL	A/exp(r*t)				CLOSED_FORM_NUMERIC	EXACT_WHEN_DECLARED	Declared domain constraints are enforced; missing values are never guessed.	V4_DETERMINISTIC_FINANCE_DOMAIN_MAP|V4_ORIGINAL_MISSION|V4_SUBJECT_EXPANSION
finance-v4-continuous-compounding	r	Finance	Finance Expansion	GENERAL	ln(A/P)/t				CLOSED_FORM_NUMERIC	EXACT_WHEN_DECLARED	Declared domain constraints are enforced; missing values are never guessed.	V4_DETERMINISTIC_FINANCE_DOMAIN_MAP|V4_ORIGINAL_MISSION|V4_SUBJECT_EXPANSION
finance-v4-continuous-compounding	t	Finance	Finance Expansion	GENERAL	ln(A/P)/r				CLOSED_FORM_NUMERIC	EXACT_WHEN_DECLARED	Declared domain constraints are enforced; missing values are never guessed.	V4_DETERMINISTIC_FINANCE_DOMAIN_MAP|V4_ORIGINAL_MISSION|V4_SUBJECT_EXPANSION
finance-v4-effective-annual-rate	EAR	Finance	Finance Expansion	GENERAL	(1+apr/m)^m-1				CLOSED_FORM_NUMERIC	EXACT_WHEN_DECLARED	Declared domain constraints are enforced; missing values are never guessed.	V4_DETERMINISTIC_FINANCE_DOMAIN_MAP|V4_ORIGINAL_MISSION|V4_SUBJECT_EXPANSION
finance-v4-effective-annual-rate	apr	Finance	Finance Expansion	GENERAL	m*((1+EAR)^(1/m)-1)				CLOSED_FORM_NUMERIC	EXACT_WHEN_DECLARED	Declared domain constraints are enforced; missing values are never guessed.	V4_DETERMINISTIC_FINANCE_DOMAIN_MAP|V4_ORIGINAL_MISSION|V4_SUBJECT_EXPANSION
finance-v4-future-value-annuity	FV	Finance	Finance Expansion	GENERAL	PMT*((1+r)^n-1)/r				CLOSED_FORM_NUMERIC	EXACT_WHEN_DECLARED	All declared domain constraints are enforced; required values may not be guessed.	V4_DETERMINISTIC_CATALOG|V4_ORIGINAL_MISSION
finance-v4-future-value-annuity	PMT	Finance	Finance Expansion	GENERAL	FV*r/((1+r)^n-1)				CLOSED_FORM_NUMERIC	EXACT_WHEN_DECLARED	All declared domain constraints are enforced; required values may not be guessed.	V4_DETERMINISTIC_CATALOG|V4_ORIGINAL_MISSION
finance-v4-present-value	FV	Finance	Finance Expansion	GENERAL	PV*(1+r)^n				CLOSED_FORM_NUMERIC	EXACT_WHEN_DECLARED	All declared domain constraints are enforced; required values may not be guessed.	V4_DETERMINISTIC_CATALOG|V4_ORIGINAL_MISSION
finance-v4-present-value	PV	Finance	Finance Expansion	GENERAL	FV/(1+r)^n				CLOSED_FORM_NUMERIC	EXACT_WHEN_DECLARED	All declared domain constraints are enforced; required values may not be guessed.	V4_DETERMINISTIC_CATALOG|V4_ORIGINAL_MISSION
finance-v4-present-value	r	Finance	Finance Expansion	GENERAL	(FV/PV)^(1/n)-1				CLOSED_FORM_NUMERIC	EXACT_WHEN_DECLARED	All declared domain constraints are enforced; required values may not be guessed.	V4_DETERMINISTIC_CATALOG|V4_ORIGINAL_MISSION
finance-v4-savings-growth	FV	Finance	Finance Expansion	GENERAL	P*(1+r)^n				CLOSED_FORM_NUMERIC	EXACT_WHEN_DECLARED	Declared domain constraints are enforced; missing values are never guessed.	V4_DETERMINISTIC_FINANCE_DOMAIN_MAP|V4_ORIGINAL_MISSION|V4_SUBJECT_EXPANSION
finance-v4-savings-growth	P	Finance	Finance Expansion	GENERAL	FV/(1+r)^n				CLOSED_FORM_NUMERIC	EXACT_WHEN_DECLARED	Declared domain constraints are enforced; missing values are never guessed.	V4_DETERMINISTIC_FINANCE_DOMAIN_MAP|V4_ORIGINAL_MISSION|V4_SUBJECT_EXPANSION
finance-v4-savings-growth	n	Finance	Finance Expansion	GENERAL	ln(FV/P)/ln(1+r)				CLOSED_FORM_NUMERIC	EXACT_WHEN_DECLARED	Declared domain constraints are enforced; missing values are never guessed.	V4_DETERMINISTIC_FINANCE_DOMAIN_MAP|V4_ORIGINAL_MISSION|V4_SUBJECT_EXPANSION
finance-v4-savings-growth	r	Finance	Finance Expansion	GENERAL	(FV/P)^(1/n)-1				CLOSED_FORM_NUMERIC	EXACT_WHEN_DECLARED	Declared domain constraints are enforced; missing values are never guessed.	V4_DETERMINISTIC_FINANCE_DOMAIN_MAP|V4_ORIGINAL_MISSION|V4_SUBJECT_EXPANSION
finance-v4-straight-line-depreciation	life	Finance	Finance Expansion	GENERAL	(cost-salvage)*years/(cost-value)				CLOSED_FORM_NUMERIC	EXACT_WHEN_DECLARED	Declared domain constraints are enforced; missing values are never guessed.	V4_DETERMINISTIC_FINANCE_DOMAIN_MAP|V4_ORIGINAL_MISSION|V4_SUBJECT_EXPANSION
finance-v4-straight-line-depreciation	salvage	Finance	Finance Expansion	GENERAL	cost-(cost-value)*life/years				CLOSED_FORM_NUMERIC	EXACT_WHEN_DECLARED	Declared domain constraints are enforced; missing values are never guessed.	V4_DETERMINISTIC_FINANCE_DOMAIN_MAP|V4_ORIGINAL_MISSION|V4_SUBJECT_EXPANSION
finance-v4-straight-line-depreciation	value	Finance	Finance Expansion	GENERAL	cost-(cost-salvage)*years/life				CLOSED_FORM_NUMERIC	EXACT_WHEN_DECLARED	Declared domain constraints are enforced; missing values are never guessed.	V4_DETERMINISTIC_FINANCE_DOMAIN_MAP|V4_ORIGINAL_MISSION|V4_SUBJECT_EXPANSION
finance-v4-straight-line-depreciation	years	Finance	Finance Expansion	GENERAL	(cost-value)*life/(cost-salvage)				CLOSED_FORM_NUMERIC	EXACT_WHEN_DECLARED	Declared domain constraints are enforced; missing values are never guessed.	V4_DETERMINISTIC_FINANCE_DOMAIN_MAP|V4_ORIGINAL_MISSION|V4_SUBJECT_EXPANSION
geometry-arc-length	L	Geometry	Geometry	GENERAL	theta/360*2*pi*r			m	CLOSED_FORM_NUMERIC	EXACT_WHEN_DECLARED	L must be non-negative | theta must be non-negative | r must be non-negative	BACKEND_1_1_VERIFIED_BASELINE
geometry-arc-length	r	Geometry	Geometry	GENERAL	360*L/(2*pi*theta)			m	CLOSED_FORM_NUMERIC	EXACT_WHEN_DECLARED	L must be non-negative | theta must be non-negative | r must be non-negative	BACKEND_1_1_VERIFIED_BASELINE
geometry-arc-length	theta	Geometry	Geometry	GENERAL	360*L/(2*pi*r)			°	CLOSED_FORM_NUMERIC	EXACT_WHEN_DECLARED	L must be non-negative | theta must be non-negative | r must be non-negative	BACKEND_1_1_VERIFIED_BASELINE
geometry-circle-area	A	Geometry	Geometry	GENERAL	pi*r^2			m²	CLOSED_FORM_NUMERIC	EXACT_WHEN_DECLARED	A must be non-negative | r must be non-negative	BACKEND_1_1_VERIFIED_BASELINE
geometry-circle-area	r	Geometry	Geometry	GENERAL	sqrt(A/pi)			m	CLOSED_FORM_NUMERIC	EXACT_WHEN_DECLARED	A must be non-negative | r must be non-negative	BACKEND_1_1_VERIFIED_BASELINE
geometry-circle-circumference	C	Geometry	Geometry	GENERAL	2*pi*r			m	CLOSED_FORM_NUMERIC	EXACT_WHEN_DECLARED	C must be non-negative | r must be non-negative	BACKEND_1_1_VERIFIED_BASELINE
geometry-circle-circumference	r	Geometry	Geometry	GENERAL	C/(2*pi)			m	CLOSED_FORM_NUMERIC	EXACT_WHEN_DECLARED	C must be non-negative | r must be non-negative	BACKEND_1_1_VERIFIED_BASELINE
geometry-cone-volume	V	Geometry	Geometry	GENERAL	pi*r^2*h/3			m³	CLOSED_FORM_NUMERIC	EXACT_WHEN_DECLARED	V must be non-negative | r must be non-negative | h must be non-negative	BACKEND_1_1_VERIFIED_BASELINE
geometry-cone-volume	h	Geometry	Geometry	GENERAL	3*V/(pi*r^2)			m	CLOSED_FORM_NUMERIC	EXACT_WHEN_DECLARED	V must be non-negative | r must be non-negative | h must be non-negative	BACKEND_1_1_VERIFIED_BASELINE
geometry-cone-volume	r	Geometry	Geometry	GENERAL	sqrt(3*V/(pi*h))			m	CLOSED_FORM_NUMERIC	EXACT_WHEN_DECLARED	V must be non-negative | r must be non-negative | h must be non-negative	BACKEND_1_1_VERIFIED_BASELINE
geometry-cube	V	Geometry	Geometry	GENERAL	s^3			m³	CLOSED_FORM_NUMERIC	EXACT_WHEN_DECLARED	V must be non-negative | s must be non-negative	BACKEND_1_1_VERIFIED_BASELINE
geometry-cube	s	Geometry	Geometry	GENERAL	root(V,3)			m	CLOSED_FORM_NUMERIC	EXACT_WHEN_DECLARED	V must be non-negative | s must be non-negative	BACKEND_1_1_VERIFIED_BASELINE
geometry-cuboid-volume	V	Geometry	Geometry	GENERAL	l*w*h			m³	CLOSED_FORM_NUMERIC	EXACT_WHEN_DECLARED	V must be non-negative | l must be non-negative | w must be non-negative | h must be non-negative	BACKEND_1_1_VERIFIED_BASELINE
geometry-cuboid-volume	h	Geometry	Geometry	GENERAL	V/(l*w)			m	CLOSED_FORM_NUMERIC	EXACT_WHEN_DECLARED	V must be non-negative | l must be non-negative | w must be non-negative | h must be non-negative	BACKEND_1_1_VERIFIED_BASELINE
geometry-cuboid-volume	l	Geometry	Geometry	GENERAL	V/(w*h)			m	CLOSED_FORM_NUMERIC	EXACT_WHEN_DECLARED	V must be non-negative | l must be non-negative | w must be non-negative | h must be non-negative	BACKEND_1_1_VERIFIED_BASELINE
geometry-cuboid-volume	w	Geometry	Geometry	GENERAL	V/(l*h)			m	CLOSED_FORM_NUMERIC	EXACT_WHEN_DECLARED	V must be non-negative | l must be non-negative | w must be non-negative | h must be non-negative	BACKEND_1_1_VERIFIED_BASELINE
geometry-cylinder-volume	V	Geometry	Geometry	GENERAL	pi*r^2*h			m³	CLOSED_FORM_NUMERIC	EXACT_WHEN_DECLARED	V must be non-negative | r must be non-negative | h must be non-negative	BACKEND_1_1_VERIFIED_BASELINE
geometry-cylinder-volume	h	Geometry	Geometry	GENERAL	V/(pi*r^2)			m	CLOSED_FORM_NUMERIC	EXACT_WHEN_DECLARED	V must be non-negative | r must be non-negative | h must be non-negative	BACKEND_1_1_VERIFIED_BASELINE
geometry-cylinder-volume	r	Geometry	Geometry	GENERAL	sqrt(V/(pi*h))			m	CLOSED_FORM_NUMERIC	EXACT_WHEN_DECLARED	V must be non-negative | r must be non-negative | h must be non-negative	BACKEND_1_1_VERIFIED_BASELINE
geometry-ellipse-area	A	Geometry	Geometry	GENERAL	pi*a*b			m²	CLOSED_FORM_NUMERIC	EXACT_WHEN_DECLARED	A must be non-negative | a must be non-negative | b must be non-negative	BACKEND_1_1_VERIFIED_BASELINE
geometry-ellipse-area	a	Geometry	Geometry	GENERAL	A/(pi*b)			m	CLOSED_FORM_NUMERIC	EXACT_WHEN_DECLARED	A must be non-negative | a must be non-negative | b must be non-negative	BACKEND_1_1_VERIFIED_BASELINE
geometry-ellipse-area	b	Geometry	Geometry	GENERAL	A/(pi*a)			m	CLOSED_FORM_NUMERIC	EXACT_WHEN_DECLARED	A must be non-negative | a must be non-negative | b must be non-negative	BACKEND_1_1_VERIFIED_BASELINE
geometry-heron-area	A	Geometry	Geometry	GENERAL	sqrt(((a+b+c)/2)*(((a+b+c)/2)-a)*(((a+b+c)/2)-b)*(((a+b+c)/2)-c))			m²	CLOSED_FORM_NUMERIC	EXACT_WHEN_DECLARED	a must be non-negative | b must be non-negative | c must be non-negative | A must be non-negative	BACKEND_1_1_VERIFIED_BASELINE
geometry-parallelogram-area	A	Geometry	Geometry	GENERAL	b*h			m²	CLOSED_FORM_NUMERIC	EXACT_WHEN_DECLARED	A must be non-negative | b must be non-negative | h must be non-negative	BACKEND_1_1_VERIFIED_BASELINE
geometry-parallelogram-area	b	Geometry	Geometry	GENERAL	A/h			m	CLOSED_FORM_NUMERIC	EXACT_WHEN_DECLARED	A must be non-negative | b must be non-negative | h must be non-negative	BACKEND_1_1_VERIFIED_BASELINE
geometry-parallelogram-area	h	Geometry	Geometry	GENERAL	A/b			m	CLOSED_FORM_NUMERIC	EXACT_WHEN_DECLARED	A must be non-negative | b must be non-negative | h must be non-negative	BACKEND_1_1_VERIFIED_BASELINE
geometry-prism-volume	B	Geometry	Geometry	GENERAL	V/h			m²	CLOSED_FORM_NUMERIC	EXACT_WHEN_DECLARED	V must be non-negative | B must be non-negative | h must be non-negative	BACKEND_1_1_VERIFIED_BASELINE
geometry-prism-volume	V	Geometry	Geometry	GENERAL	B*h			m³	CLOSED_FORM_NUMERIC	EXACT_WHEN_DECLARED	V must be non-negative | B must be non-negative | h must be non-negative	BACKEND_1_1_VERIFIED_BASELINE
geometry-prism-volume	h	Geometry	Geometry	GENERAL	V/B			m	CLOSED_FORM_NUMERIC	EXACT_WHEN_DECLARED	V must be non-negative | B must be non-negative | h must be non-negative	BACKEND_1_1_VERIFIED_BASELINE
geometry-rectangle-area	A	Geometry	Geometry	GENERAL	w*h			m²	CLOSED_FORM_NUMERIC	EXACT_WHEN_DECLARED	A must be non-negative | w must be non-negative | h must be non-negative	BACKEND_1_1_VERIFIED_BASELINE
geometry-rectangle-area	h	Geometry	Geometry	GENERAL	A/w			m	CLOSED_FORM_NUMERIC	EXACT_WHEN_DECLARED	A must be non-negative | w must be non-negative | h must be non-negative	BACKEND_1_1_VERIFIED_BASELINE
geometry-rectangle-area	w	Geometry	Geometry	GENERAL	A/h			m	CLOSED_FORM_NUMERIC	EXACT_WHEN_DECLARED	A must be non-negative | w must be non-negative | h must be non-negative	BACKEND_1_1_VERIFIED_BASELINE
geometry-rectangle-perimeter	P	Geometry	Geometry	GENERAL	2*(w+h)			m	CLOSED_FORM_NUMERIC	EXACT_WHEN_DECLARED	P must be non-negative | w must be non-negative | h must be non-negative	BACKEND_1_1_VERIFIED_BASELINE
geometry-rectangle-perimeter	h	Geometry	Geometry	GENERAL	P/2-w			m	CLOSED_FORM_NUMERIC	EXACT_WHEN_DECLARED	P must be non-negative | w must be non-negative | h must be non-negative	BACKEND_1_1_VERIFIED_BASELINE
geometry-rectangle-perimeter	w	Geometry	Geometry	GENERAL	P/2-h			m	CLOSED_FORM_NUMERIC	EXACT_WHEN_DECLARED	P must be non-negative | w must be non-negative | h must be non-negative	BACKEND_1_1_VERIFIED_BASELINE
geometry-regular-polygon	A	Geometry	Geometry	GENERAL	n*s^2/(4*tan(pi/n))			m²	CLOSED_FORM_NUMERIC	EXACT_WHEN_DECLARED	n must be non-negative | s must be non-negative | P must be non-negative | A must be non-negative	BACKEND_1_1_VERIFIED_BASELINE
geometry-regular-polygon	P	Geometry	Geometry	GENERAL	n*s			m	CLOSED_FORM_NUMERIC	EXACT_WHEN_DECLARED	n must be non-negative | s must be non-negative | P must be non-negative | A must be non-negative	BACKEND_1_1_VERIFIED_BASELINE
geometry-rhombus-area	A	Geometry	Geometry	GENERAL	d1*d2/2			m²	CLOSED_FORM_NUMERIC	EXACT_WHEN_DECLARED	A must be non-negative | d1 must be non-negative | d2 must be non-negative	BACKEND_1_1_VERIFIED_BASELINE
geometry-rhombus-area	d1	Geometry	Geometry	GENERAL	2*A/d2			m	CLOSED_FORM_NUMERIC	EXACT_WHEN_DECLARED	A must be non-negative | d1 must be non-negative | d2 must be non-negative	BACKEND_1_1_VERIFIED_BASELINE
geometry-rhombus-area	d2	Geometry	Geometry	GENERAL	2*A/d1			m	CLOSED_FORM_NUMERIC	EXACT_WHEN_DECLARED	A must be non-negative | d1 must be non-negative | d2 must be non-negative	BACKEND_1_1_VERIFIED_BASELINE
geometry-right-triangle	a	Geometry	Geometry	GENERAL	sqrt(c^2-b^2)			m	CLOSED_FORM_NUMERIC	EXACT_WHEN_DECLARED	a must be non-negative | b must be non-negative | c must be non-negative	BACKEND_1_1_VERIFIED_BASELINE
geometry-right-triangle	b	Geometry	Geometry	GENERAL	sqrt(c^2-a^2)			m	CLOSED_FORM_NUMERIC	EXACT_WHEN_DECLARED	a must be non-negative | b must be non-negative | c must be non-negative	BACKEND_1_1_VERIFIED_BASELINE
geometry-right-triangle	c	Geometry	Geometry	GENERAL	sqrt(a^2+b^2)			m	CLOSED_FORM_NUMERIC	EXACT_WHEN_DECLARED	a must be non-negative | b must be non-negative | c must be non-negative	BACKEND_1_1_VERIFIED_BASELINE
geometry-sector-area	A	Geometry	Geometry	GENERAL	theta/360*pi*r^2			m²	CLOSED_FORM_NUMERIC	EXACT_WHEN_DECLARED	A must be non-negative | theta must be non-negative | r must be non-negative	BACKEND_1_1_VERIFIED_BASELINE
geometry-sector-area	r	Geometry	Geometry	GENERAL	sqrt(360*A/(theta*pi))			m	CLOSED_FORM_NUMERIC	EXACT_WHEN_DECLARED	A must be non-negative | theta must be non-negative | r must be non-negative	BACKEND_1_1_VERIFIED_BASELINE
geometry-sector-area	theta	Geometry	Geometry	GENERAL	360*A/(pi*r^2)			°	CLOSED_FORM_NUMERIC	EXACT_WHEN_DECLARED	A must be non-negative | theta must be non-negative | r must be non-negative	BACKEND_1_1_VERIFIED_BASELINE
geometry-sphere-volume	V	Geometry	Geometry	GENERAL	4*pi*r^3/3			m³	CLOSED_FORM_NUMERIC	EXACT_WHEN_DECLARED	V must be non-negative | r must be non-negative	BACKEND_1_1_VERIFIED_BASELINE
geometry-sphere-volume	r	Geometry	Geometry	GENERAL	root(3*V/(4*pi),3)			m	CLOSED_FORM_NUMERIC	EXACT_WHEN_DECLARED	V must be non-negative | r must be non-negative	BACKEND_1_1_VERIFIED_BASELINE
geometry-square	A	Geometry	Geometry	GENERAL	s^2			m²	CLOSED_FORM_NUMERIC	EXACT_WHEN_DECLARED	A must be non-negative | s must be non-negative	BACKEND_1_1_VERIFIED_BASELINE
geometry-square	s	Geometry	Geometry	GENERAL	sqrt(A)			m	CLOSED_FORM_NUMERIC	EXACT_WHEN_DECLARED	A must be non-negative | s must be non-negative	BACKEND_1_1_VERIFIED_BASELINE
geometry-trapezoid-area	A	Geometry	Geometry	GENERAL	(a+b)*h/2			m²	CLOSED_FORM_NUMERIC	EXACT_WHEN_DECLARED	A must be non-negative | a must be non-negative | b must be non-negative | h must be non-negative	BACKEND_1_1_VERIFIED_BASELINE
geometry-trapezoid-area	a	Geometry	Geometry	GENERAL	2*A/h-b			m	CLOSED_FORM_NUMERIC	EXACT_WHEN_DECLARED	A must be non-negative | a must be non-negative | b must be non-negative | h must be non-negative	BACKEND_1_1_VERIFIED_BASELINE
geometry-trapezoid-area	b	Geometry	Geometry	GENERAL	2*A/h-a			m	CLOSED_FORM_NUMERIC	EXACT_WHEN_DECLARED	A must be non-negative | a must be non-negative | b must be non-negative | h must be non-negative	BACKEND_1_1_VERIFIED_BASELINE
geometry-trapezoid-area	h	Geometry	Geometry	GENERAL	2*A/(a+b)			m	CLOSED_FORM_NUMERIC	EXACT_WHEN_DECLARED	A must be non-negative | a must be non-negative | b must be non-negative | h must be non-negative	BACKEND_1_1_VERIFIED_BASELINE
geometry-triangle-area	A	Geometry	Geometry	GENERAL	b*h/2			m²	CLOSED_FORM_NUMERIC	EXACT_WHEN_DECLARED	A must be non-negative | b must be non-negative | h must be non-negative	BACKEND_1_1_VERIFIED_BASELINE
geometry-triangle-area	b	Geometry	Geometry	GENERAL	2*A/h			m	CLOSED_FORM_NUMERIC	EXACT_WHEN_DECLARED	A must be non-negative | b must be non-negative | h must be non-negative	BACKEND_1_1_VERIFIED_BASELINE
geometry-triangle-area	h	Geometry	Geometry	GENERAL	2*A/b			m	CLOSED_FORM_NUMERIC	EXACT_WHEN_DECLARED	A must be non-negative | b must be non-negative | h must be non-negative	BACKEND_1_1_VERIFIED_BASELINE
geometry-v4-annulus-area	A	Geometry	Geometry Expansion	GENERAL	pi*(R^2-r^2)			m2	CLOSED_FORM_NUMERIC	EXACT_WHEN_DECLARED	All declared domain constraints are enforced; required values may not be guessed.	V4_DETERMINISTIC_CATALOG|V4_ORIGINAL_MISSION
geometry-v4-annulus-area	R	Geometry	Geometry Expansion	GENERAL	sqrt(A/pi+r^2)			m	CLOSED_FORM_NUMERIC	EXACT_WHEN_DECLARED	All declared domain constraints are enforced; required values may not be guessed.	V4_DETERMINISTIC_CATALOG|V4_ORIGINAL_MISSION
geometry-v4-annulus-area	r	Geometry	Geometry Expansion	GENERAL	sqrt(R^2-A/pi)			m	CLOSED_FORM_NUMERIC	EXACT_WHEN_DECLARED	All declared domain constraints are enforced; required values may not be guessed.	V4_DETERMINISTIC_CATALOG|V4_ORIGINAL_MISSION
geometry-v4-cuboid-surface-area	A	Geometry	Geometry Expansion	GENERAL	2*(l*w+l*h+w*h)			m2	CLOSED_FORM_NUMERIC	EXACT_WHEN_DECLARED	Declared domain constraints are enforced; missing values are never guessed.	OPENSTAX_PRECALCULUS_2E|V4_ORIGINAL_MISSION|V4_SUBJECT_EXPANSION
geometry-v4-cuboid-surface-area	h	Geometry	Geometry Expansion	GENERAL	(A/2-l*w)/(l+w)			m	CLOSED_FORM_NUMERIC	EXACT_WHEN_DECLARED	Declared domain constraints are enforced; missing values are never guessed.	OPENSTAX_PRECALCULUS_2E|V4_ORIGINAL_MISSION|V4_SUBJECT_EXPANSION
geometry-v4-cuboid-surface-area	l	Geometry	Geometry Expansion	GENERAL	(A/2-w*h)/(w+h)			m	CLOSED_FORM_NUMERIC	EXACT_WHEN_DECLARED	Declared domain constraints are enforced; missing values are never guessed.	OPENSTAX_PRECALCULUS_2E|V4_ORIGINAL_MISSION|V4_SUBJECT_EXPANSION
geometry-v4-cuboid-surface-area	w	Geometry	Geometry Expansion	GENERAL	(A/2-l*h)/(l+h)			m	CLOSED_FORM_NUMERIC	EXACT_WHEN_DECLARED	Declared domain constraints are enforced; missing values are never guessed.	OPENSTAX_PRECALCULUS_2E|V4_ORIGINAL_MISSION|V4_SUBJECT_EXPANSION
geometry-v4-cylinder-surface-area	A	Geometry	Geometry Expansion	GENERAL	2*pi*r*(r+h)			m2	CLOSED_FORM_NUMERIC	EXACT_WHEN_DECLARED	Declared domain constraints are enforced; missing values are never guessed.	OPENSTAX_PRECALCULUS_2E|V4_ORIGINAL_MISSION|V4_SUBJECT_EXPANSION
geometry-v4-cylinder-surface-area	h	Geometry	Geometry Expansion	GENERAL	A/(2*pi*r)-r			m	CLOSED_FORM_NUMERIC	EXACT_WHEN_DECLARED	Declared domain constraints are enforced; missing values are never guessed.	OPENSTAX_PRECALCULUS_2E|V4_ORIGINAL_MISSION|V4_SUBJECT_EXPANSION
geometry-v4-cylinder-surface-area	r	Geometry	Geometry Expansion	GENERAL	(-h+sqrt(h^2+2*A/pi))/2			m	CLOSED_FORM_NUMERIC	EXACT_WHEN_DECLARED	Declared domain constraints are enforced; missing values are never guessed.	OPENSTAX_PRECALCULUS_2E|V4_ORIGINAL_MISSION|V4_SUBJECT_EXPANSION
geometry-v4-frustum-volume	V	Geometry	Geometry Expansion	GENERAL	pi*h*(R^2+R*r+r^2)/3			m3	CLOSED_FORM_NUMERIC	EXACT_WHEN_DECLARED	All declared domain constraints are enforced; required values may not be guessed.	V4_DETERMINISTIC_CATALOG|V4_ORIGINAL_MISSION
geometry-v4-frustum-volume	h	Geometry	Geometry Expansion	GENERAL	3*V/(pi*(R^2+R*r+r^2))			m	CLOSED_FORM_NUMERIC	EXACT_WHEN_DECLARED	All declared domain constraints are enforced; required values may not be guessed.	V4_DETERMINISTIC_CATALOG|V4_ORIGINAL_MISSION
geometry-v4-pyramid-volume	A_base	Geometry	Geometry Expansion	GENERAL	3*V/h			m2	CLOSED_FORM_NUMERIC	EXACT_WHEN_DECLARED	All declared domain constraints are enforced; required values may not be guessed.	V4_DETERMINISTIC_CATALOG|V4_ORIGINAL_MISSION
geometry-v4-pyramid-volume	V	Geometry	Geometry Expansion	GENERAL	A_base*h/3			m3	CLOSED_FORM_NUMERIC	EXACT_WHEN_DECLARED	All declared domain constraints are enforced; required values may not be guessed.	V4_DETERMINISTIC_CATALOG|V4_ORIGINAL_MISSION
geometry-v4-pyramid-volume	h	Geometry	Geometry Expansion	GENERAL	3*V/A_base			m	CLOSED_FORM_NUMERIC	EXACT_WHEN_DECLARED	All declared domain constraints are enforced; required values may not be guessed.	V4_DETERMINISTIC_CATALOG|V4_ORIGINAL_MISSION
geometry-v4-similarity-area	A1	Geometry	Geometry Expansion	GENERAL	A2/k^2			m2	CLOSED_FORM_NUMERIC	EXACT_WHEN_DECLARED	Declared domain constraints are enforced; missing values are never guessed.	OPENSTAX_PRECALCULUS_2E|V4_ORIGINAL_MISSION|V4_SUBJECT_EXPANSION
geometry-v4-similarity-area	A2	Geometry	Geometry Expansion	GENERAL	A1*k^2			m2	CLOSED_FORM_NUMERIC	EXACT_WHEN_DECLARED	Declared domain constraints are enforced; missing values are never guessed.	OPENSTAX_PRECALCULUS_2E|V4_ORIGINAL_MISSION|V4_SUBJECT_EXPANSION
geometry-v4-similarity-area	k	Geometry	Geometry Expansion	GENERAL	sqrt(A2/A1)				CLOSED_FORM_NUMERIC	EXACT_WHEN_DECLARED	Declared domain constraints are enforced; missing values are never guessed.	OPENSTAX_PRECALCULUS_2E|V4_ORIGINAL_MISSION|V4_SUBJECT_EXPANSION
geometry-v4-similarity-length	L1	Geometry	Geometry Expansion	GENERAL	L2/k			m	CLOSED_FORM_NUMERIC	EXACT_WHEN_DECLARED	Declared domain constraints are enforced; missing values are never guessed.	OPENSTAX_PRECALCULUS_2E|V4_ORIGINAL_MISSION|V4_SUBJECT_EXPANSION
geometry-v4-similarity-length	L2	Geometry	Geometry Expansion	GENERAL	k*L1			m	CLOSED_FORM_NUMERIC	EXACT_WHEN_DECLARED	Declared domain constraints are enforced; missing values are never guessed.	OPENSTAX_PRECALCULUS_2E|V4_ORIGINAL_MISSION|V4_SUBJECT_EXPANSION
geometry-v4-similarity-length	k	Geometry	Geometry Expansion	GENERAL	L2/L1				CLOSED_FORM_NUMERIC	EXACT_WHEN_DECLARED	Declared domain constraints are enforced; missing values are never guessed.	OPENSTAX_PRECALCULUS_2E|V4_ORIGINAL_MISSION|V4_SUBJECT_EXPANSION
geometry-v4-sphere-surface-area	A	Geometry	Geometry Expansion	GENERAL	4*pi*r^2			m2	CLOSED_FORM_NUMERIC	EXACT_WHEN_DECLARED	All declared domain constraints are enforced; required values may not be guessed.	V4_DETERMINISTIC_CATALOG|V4_ORIGINAL_MISSION
geometry-v4-sphere-surface-area	r	Geometry	Geometry Expansion	GENERAL	sqrt(A/(4*pi))			m	CLOSED_FORM_NUMERIC	EXACT_WHEN_DECLARED	All declared domain constraints are enforced; required values may not be guessed.	V4_DETERMINISTIC_CATALOG|V4_ORIGINAL_MISSION
math-v4-distance-3d	d	Math	Math Expansion	GENERAL	sqrt(dx^2+dy^2+dz^2)				CLOSED_FORM_NUMERIC	EXACT_WHEN_DECLARED	All declared domain constraints are enforced; required values may not be guessed.	V4_DETERMINISTIC_CATALOG|V4_ORIGINAL_MISSION
math-v4-distance-3d	dx	Math	Math Expansion	GENERAL	sqrt(d^2-dy^2-dz^2)				CLOSED_FORM_NUMERIC	EXACT_WHEN_DECLARED	All declared domain constraints are enforced; required values may not be guessed.	V4_DETERMINISTIC_CATALOG|V4_ORIGINAL_MISSION
math-v4-distance-3d	dy	Math	Math Expansion	GENERAL	sqrt(d^2-dx^2-dz^2)				CLOSED_FORM_NUMERIC	EXACT_WHEN_DECLARED	All declared domain constraints are enforced; required values may not be guessed.	V4_DETERMINISTIC_CATALOG|V4_ORIGINAL_MISSION
math-v4-distance-3d	dz	Math	Math Expansion	GENERAL	sqrt(d^2-dx^2-dy^2)				CLOSED_FORM_NUMERIC	EXACT_WHEN_DECLARED	All declared domain constraints are enforced; required values may not be guessed.	V4_DETERMINISTIC_CATALOG|V4_ORIGINAL_MISSION
math-v4-exponential-growth	final	Math	Math Expansion	GENERAL	initial*(1+r)^t				CLOSED_FORM_NUMERIC	EXACT_WHEN_DECLARED	All declared domain constraints are enforced; required values may not be guessed.	V4_DETERMINISTIC_CATALOG|V4_ORIGINAL_MISSION
math-v4-exponential-growth	initial	Math	Math Expansion	GENERAL	final/(1+r)^t				CLOSED_FORM_NUMERIC	EXACT_WHEN_DECLARED	All declared domain constraints are enforced; required values may not be guessed.	V4_DETERMINISTIC_CATALOG|V4_ORIGINAL_MISSION
math-v4-exponential-growth	r	Math	Math Expansion	GENERAL	(final/initial)^(1/t)-1				CLOSED_FORM_NUMERIC	EXACT_WHEN_DECLARED	All declared domain constraints are enforced; required values may not be guessed.	V4_DETERMINISTIC_CATALOG|V4_ORIGINAL_MISSION
percentage-of	percent	Math	Arithmetic	GENERAL	result/value*100				CLOSED_FORM_NUMERIC	EXACT_WHEN_DECLARED		BACKEND_1_1_VERIFIED_BASELINE
percentage-of	result	Math	Arithmetic	GENERAL	percent/100*value				CLOSED_FORM_NUMERIC	EXACT_WHEN_DECLARED		BACKEND_1_1_VERIFIED_BASELINE
percentage-of	value	Math	Arithmetic	GENERAL	result/(percent/100)				CLOSED_FORM_NUMERIC	EXACT_WHEN_DECLARED		BACKEND_1_1_VERIFIED_BASELINE
physics-acceleration	a	Physics	Physics	GENERAL	(v-u)/t			m/s²	CLOSED_FORM_NUMERIC	EXACT_WHEN_DECLARED	t must be non-negative	BACKEND_1_1_VERIFIED_BASELINE
physics-acceleration	t	Physics	Physics	GENERAL	(v-u)/a			s	CLOSED_FORM_NUMERIC	EXACT_WHEN_DECLARED	t must be non-negative	BACKEND_1_1_VERIFIED_BASELINE
physics-acceleration	u	Physics	Physics	GENERAL	v-a*t			m/s	CLOSED_FORM_NUMERIC	EXACT_WHEN_DECLARED	t must be non-negative	BACKEND_1_1_VERIFIED_BASELINE
physics-acceleration	v	Physics	Physics	GENERAL	u+a*t			m/s	CLOSED_FORM_NUMERIC	EXACT_WHEN_DECLARED	t must be non-negative	BACKEND_1_1_VERIFIED_BASELINE
physics-advanced-v4-buoyancy	F	Physics	Advanced Physics	ADVANCED|COLLEGE_INTRO	rho*9.80665*V			N	CLOSED_FORM_NUMERIC	EXACT_WHEN_DECLARED	Declared domain constraints are enforced; missing values are never guessed.	OPENSTAX_UNIVERSITY_PHYSICS|V4_ORIGINAL_MISSION|V4_SUBJECT_EXPANSION
physics-advanced-v4-buoyancy	V	Physics	Advanced Physics	ADVANCED|COLLEGE_INTRO	F/(rho*9.80665)			m3	CLOSED_FORM_NUMERIC	EXACT_WHEN_DECLARED	Declared domain constraints are enforced; missing values are never guessed.	OPENSTAX_UNIVERSITY_PHYSICS|V4_ORIGINAL_MISSION|V4_SUBJECT_EXPANSION
physics-advanced-v4-buoyancy	rho	Physics	Advanced Physics	ADVANCED|COLLEGE_INTRO	F/(9.80665*V)			kg/m3	CLOSED_FORM_NUMERIC	EXACT_WHEN_DECLARED	Declared domain constraints are enforced; missing values are never guessed.	OPENSTAX_UNIVERSITY_PHYSICS|V4_ORIGINAL_MISSION|V4_SUBJECT_EXPANSION
physics-advanced-v4-continuity	A1	Physics	Advanced Physics	ADVANCED|COLLEGE_INTRO	A2*v2/v1			m2	CLOSED_FORM_NUMERIC	EXACT_WHEN_DECLARED	Declared domain constraints are enforced; missing values are never guessed.	OPENSTAX_UNIVERSITY_PHYSICS|V4_ORIGINAL_MISSION|V4_SUBJECT_EXPANSION
physics-advanced-v4-continuity	A2	Physics	Advanced Physics	ADVANCED|COLLEGE_INTRO	A1*v1/v2			m2	CLOSED_FORM_NUMERIC	EXACT_WHEN_DECLARED	Declared domain constraints are enforced; missing values are never guessed.	OPENSTAX_UNIVERSITY_PHYSICS|V4_ORIGINAL_MISSION|V4_SUBJECT_EXPANSION
physics-advanced-v4-continuity	v1	Physics	Advanced Physics	ADVANCED|COLLEGE_INTRO	A2*v2/A1			m/s	CLOSED_FORM_NUMERIC	EXACT_WHEN_DECLARED	Declared domain constraints are enforced; missing values are never guessed.	OPENSTAX_UNIVERSITY_PHYSICS|V4_ORIGINAL_MISSION|V4_SUBJECT_EXPANSION
physics-advanced-v4-continuity	v2	Physics	Advanced Physics	ADVANCED|COLLEGE_INTRO	A1*v1/A2			m/s	CLOSED_FORM_NUMERIC	EXACT_WHEN_DECLARED	Declared domain constraints are enforced; missing values are never guessed.	OPENSTAX_UNIVERSITY_PHYSICS|V4_ORIGINAL_MISSION|V4_SUBJECT_EXPANSION
physics-advanced-v4-hydrostatic-pressure	h	Physics	Advanced Physics	ADVANCED|COLLEGE_INTRO	p/(rho*9.80665)			m	CLOSED_FORM_NUMERIC	EXACT_WHEN_DECLARED	Declared domain constraints are enforced; missing values are never guessed.	OPENSTAX_UNIVERSITY_PHYSICS|V4_ORIGINAL_MISSION|V4_SUBJECT_EXPANSION
physics-advanced-v4-hydrostatic-pressure	p	Physics	Advanced Physics	ADVANCED|COLLEGE_INTRO	rho*9.80665*h			Pa	CLOSED_FORM_NUMERIC	EXACT_WHEN_DECLARED	Declared domain constraints are enforced; missing values are never guessed.	OPENSTAX_UNIVERSITY_PHYSICS|V4_ORIGINAL_MISSION|V4_SUBJECT_EXPANSION
physics-advanced-v4-hydrostatic-pressure	rho	Physics	Advanced Physics	ADVANCED|COLLEGE_INTRO	p/(9.80665*h)			kg/m3	CLOSED_FORM_NUMERIC	EXACT_WHEN_DECLARED	Declared domain constraints are enforced; missing values are never guessed.	OPENSTAX_UNIVERSITY_PHYSICS|V4_ORIGINAL_MISSION|V4_SUBJECT_EXPANSION
physics-advanced-v4-relativity-gamma	gamma	Physics	Advanced Physics	ADVANCED|COLLEGE_INTRO	1/sqrt(1-v^2/299792458^2)				CLOSED_FORM_NUMERIC	EXACT_WHEN_DECLARED	Declared domain constraints are enforced; missing values are never guessed.	OPENSTAX_UNIVERSITY_PHYSICS|V4_ORIGINAL_MISSION|V4_SUBJECT_EXPANSION
physics-advanced-v4-relativity-gamma	v	Physics	Advanced Physics	ADVANCED|COLLEGE_INTRO	299792458*sqrt(1-1/gamma^2)			m/s	CLOSED_FORM_NUMERIC	EXACT_WHEN_DECLARED	Declared domain constraints are enforced; missing values are never guessed.	OPENSTAX_UNIVERSITY_PHYSICS|V4_ORIGINAL_MISSION|V4_SUBJECT_EXPANSION
physics-density	V	Physics	Physics	GENERAL	m/rho			m³	CLOSED_FORM_NUMERIC	EXACT_WHEN_DECLARED	rho must be non-negative | m must be non-negative | V must be non-negative	BACKEND_1_1_VERIFIED_BASELINE
physics-density	m	Physics	Physics	GENERAL	rho*V			kg	CLOSED_FORM_NUMERIC	EXACT_WHEN_DECLARED	rho must be non-negative | m must be non-negative | V must be non-negative	BACKEND_1_1_VERIFIED_BASELINE
physics-density	rho	Physics	Physics	GENERAL	m/V			kg/m³	CLOSED_FORM_NUMERIC	EXACT_WHEN_DECLARED	rho must be non-negative | m must be non-negative | V must be non-negative	BACKEND_1_1_VERIFIED_BASELINE
physics-electrical-power	I	Physics	Physics	GENERAL	P/V			A	CLOSED_FORM_NUMERIC	EXACT_WHEN_DECLARED		BACKEND_1_1_VERIFIED_BASELINE
physics-electrical-power	P	Physics	Physics	GENERAL	V*I			W	CLOSED_FORM_NUMERIC	EXACT_WHEN_DECLARED		BACKEND_1_1_VERIFIED_BASELINE
physics-electrical-power	V	Physics	Physics	GENERAL	P/I			V	CLOSED_FORM_NUMERIC	EXACT_WHEN_DECLARED		BACKEND_1_1_VERIFIED_BASELINE
physics-force	F	Physics	Physics	GENERAL	m*a			N	CLOSED_FORM_NUMERIC	EXACT_WHEN_DECLARED	m must be non-negative	BACKEND_1_1_VERIFIED_BASELINE
physics-force	a	Physics	Physics	GENERAL	F/m			m/s²	CLOSED_FORM_NUMERIC	EXACT_WHEN_DECLARED	m must be non-negative	BACKEND_1_1_VERIFIED_BASELINE
physics-force	m	Physics	Physics	GENERAL	F/a			kg	CLOSED_FORM_NUMERIC	EXACT_WHEN_DECLARED	m must be non-negative	BACKEND_1_1_VERIFIED_BASELINE
physics-frequency-period	T	Physics	Physics	GENERAL	1/f			s	CLOSED_FORM_NUMERIC	EXACT_WHEN_DECLARED	f must be non-negative | T must be non-negative	BACKEND_1_1_VERIFIED_BASELINE
physics-frequency-period	f	Physics	Physics	GENERAL	1/T			Hz	CLOSED_FORM_NUMERIC	EXACT_WHEN_DECLARED	f must be non-negative | T must be non-negative	BACKEND_1_1_VERIFIED_BASELINE
physics-g10-centripetal-acceleration	ac	Physics	Grade 10 Physics	GRADE_10	v^2/r			m/s2	CLOSED_FORM_NUMERIC	EXACT_WHEN_DECLARED	All declared domain constraints are enforced; required values may not be guessed.	V4_DETERMINISTIC_CATALOG|V4_ORIGINAL_MISSION
physics-g10-centripetal-acceleration	r	Physics	Grade 10 Physics	GRADE_10	v^2/ac			m	CLOSED_FORM_NUMERIC	EXACT_WHEN_DECLARED	All declared domain constraints are enforced; required values may not be guessed.	V4_DETERMINISTIC_CATALOG|V4_ORIGINAL_MISSION
physics-g10-centripetal-acceleration	v	Physics	Grade 10 Physics	GRADE_10	sqrt(ac*r)			m/s	CLOSED_FORM_NUMERIC	EXACT_WHEN_DECLARED	All declared domain constraints are enforced; required values may not be guessed.	V4_DETERMINISTIC_CATALOG|V4_ORIGINAL_MISSION
physics-g10-centripetal-force	Fc	Physics	Grade 10 Physics	GRADE_10	m*v^2/r			N	CLOSED_FORM_NUMERIC	EXACT_WHEN_DECLARED	All declared domain constraints are enforced; required values may not be guessed.	V4_DETERMINISTIC_CATALOG|V4_ORIGINAL_MISSION
physics-g10-centripetal-force	m	Physics	Grade 10 Physics	GRADE_10	Fc*r/v^2			kg	CLOSED_FORM_NUMERIC	EXACT_WHEN_DECLARED	All declared domain constraints are enforced; required values may not be guessed.	V4_DETERMINISTIC_CATALOG|V4_ORIGINAL_MISSION
physics-g10-centripetal-force	r	Physics	Grade 10 Physics	GRADE_10	m*v^2/Fc			m	CLOSED_FORM_NUMERIC	EXACT_WHEN_DECLARED	All declared domain constraints are enforced; required values may not be guessed.	V4_DETERMINISTIC_CATALOG|V4_ORIGINAL_MISSION
physics-g10-centripetal-force	v	Physics	Grade 10 Physics	GRADE_10	sqrt(Fc*r/m)			m/s	CLOSED_FORM_NUMERIC	EXACT_WHEN_DECLARED	All declared domain constraints are enforced; required values may not be guessed.	V4_DETERMINISTIC_CATALOG|V4_ORIGINAL_MISSION
physics-g10-friction	Ff	Physics	Grade 10 Physics	GRADE_10	mu*N			N	CLOSED_FORM_NUMERIC	EXACT_WHEN_DECLARED	All declared domain constraints are enforced; required values may not be guessed.	V4_DETERMINISTIC_CATALOG|V4_ORIGINAL_MISSION
physics-g10-friction	N	Physics	Grade 10 Physics	GRADE_10	Ff/mu			N	CLOSED_FORM_NUMERIC	EXACT_WHEN_DECLARED	All declared domain constraints are enforced; required values may not be guessed.	V4_DETERMINISTIC_CATALOG|V4_ORIGINAL_MISSION
physics-g10-friction	mu	Physics	Grade 10 Physics	GRADE_10	Ff/N				CLOSED_FORM_NUMERIC	EXACT_WHEN_DECLARED	All declared domain constraints are enforced; required values may not be guessed.	V4_DETERMINISTIC_CATALOG|V4_ORIGINAL_MISSION
physics-g10-gravitation	F	Physics	Grade 10 Physics	GRADE_10	6.67430e-11*m1*m2/r^2			N	CLOSED_FORM_NUMERIC	EXACT_WHEN_DECLARED	All declared domain constraints are enforced; required values may not be guessed.	V4_DETERMINISTIC_CATALOG|V4_ORIGINAL_MISSION
physics-g10-gravitation	m1	Physics	Grade 10 Physics	GRADE_10	F*r^2/(6.67430e-11*m2)			kg	CLOSED_FORM_NUMERIC	EXACT_WHEN_DECLARED	All declared domain constraints are enforced; required values may not be guessed.	V4_DETERMINISTIC_CATALOG|V4_ORIGINAL_MISSION
physics-g10-gravitation	m2	Physics	Grade 10 Physics	GRADE_10	F*r^2/(6.67430e-11*m1)			kg	CLOSED_FORM_NUMERIC	EXACT_WHEN_DECLARED	All declared domain constraints are enforced; required values may not be guessed.	V4_DETERMINISTIC_CATALOG|V4_ORIGINAL_MISSION
physics-g10-gravitation	r	Physics	Grade 10 Physics	GRADE_10	sqrt(6.67430e-11*m1*m2/F)			m	CLOSED_FORM_NUMERIC	EXACT_WHEN_DECLARED	All declared domain constraints are enforced; required values may not be guessed.	V4_DETERMINISTIC_CATALOG|V4_ORIGINAL_MISSION
physics-g10-hooke	F	Physics	Grade 10 Physics	GRADE_10	k*x			N	CLOSED_FORM_NUMERIC	EXACT_WHEN_DECLARED	All declared domain constraints are enforced; required values may not be guessed.	V4_DETERMINISTIC_CATALOG|V4_ORIGINAL_MISSION
physics-g10-hooke	k	Physics	Grade 10 Physics	GRADE_10	F/x			N/m	CLOSED_FORM_NUMERIC	EXACT_WHEN_DECLARED	All declared domain constraints are enforced; required values may not be guessed.	V4_DETERMINISTIC_CATALOG|V4_ORIGINAL_MISSION
physics-g10-hooke	x	Physics	Grade 10 Physics	GRADE_10	F/k			m	CLOSED_FORM_NUMERIC	EXACT_WHEN_DECLARED	All declared domain constraints are enforced; required values may not be guessed.	V4_DETERMINISTIC_CATALOG|V4_ORIGINAL_MISSION
physics-g10-kinematics-displacement	a	Physics	Grade 10 Physics	GRADE_10	2*(s-v0*t)/t^2			m/s2	CLOSED_FORM_NUMERIC	EXACT_WHEN_DECLARED	All declared domain constraints are enforced; required values may not be guessed.	V4_DETERMINISTIC_CATALOG|V4_ORIGINAL_MISSION
physics-g10-kinematics-displacement	s	Physics	Grade 10 Physics	GRADE_10	v0*t+a*t^2/2			m	CLOSED_FORM_NUMERIC	EXACT_WHEN_DECLARED	All declared domain constraints are enforced; required values may not be guessed.	V4_DETERMINISTIC_CATALOG|V4_ORIGINAL_MISSION
physics-g10-kinematics-displacement	v0	Physics	Grade 10 Physics	GRADE_10	(s-a*t^2/2)/t			m/s	CLOSED_FORM_NUMERIC	EXACT_WHEN_DECLARED	All declared domain constraints are enforced; required values may not be guessed.	V4_DETERMINISTIC_CATALOG|V4_ORIGINAL_MISSION
physics-g10-kinematics-no-time	a	Physics	Grade 10 Physics	GRADE_10	(v^2-v0^2)/(2*s)			m/s2	CLOSED_FORM_NUMERIC	EXACT_WHEN_DECLARED	All declared domain constraints are enforced; required values may not be guessed.	V4_DETERMINISTIC_CATALOG|V4_ORIGINAL_MISSION
physics-g10-kinematics-no-time	s	Physics	Grade 10 Physics	GRADE_10	(v^2-v0^2)/(2*a)			m	CLOSED_FORM_NUMERIC	EXACT_WHEN_DECLARED	All declared domain constraints are enforced; required values may not be guessed.	V4_DETERMINISTIC_CATALOG|V4_ORIGINAL_MISSION
physics-g10-kinematics-no-time	v	Physics	Grade 10 Physics	GRADE_10	sqrt(v0^2+2*a*s)			m/s	CLOSED_FORM_NUMERIC	EXACT_WHEN_DECLARED	All declared domain constraints are enforced; required values may not be guessed.	V4_DETERMINISTIC_CATALOG|V4_ORIGINAL_MISSION
physics-g10-kinematics-no-time	v0	Physics	Grade 10 Physics	GRADE_10	sqrt(v^2-2*a*s)			m/s	CLOSED_FORM_NUMERIC	EXACT_WHEN_DECLARED	All declared domain constraints are enforced; required values may not be guessed.	V4_DETERMINISTIC_CATALOG|V4_ORIGINAL_MISSION
physics-g10-kinematics-velocity	a	Physics	Grade 10 Physics	GRADE_10	(v-v0)/t			m/s2	CLOSED_FORM_NUMERIC	EXACT_WHEN_DECLARED	All declared domain constraints are enforced; required values may not be guessed.	V4_DETERMINISTIC_CATALOG|V4_ORIGINAL_MISSION
physics-g10-kinematics-velocity	t	Physics	Grade 10 Physics	GRADE_10	(v-v0)/a			s	CLOSED_FORM_NUMERIC	EXACT_WHEN_DECLARED	All declared domain constraints are enforced; required values may not be guessed.	V4_DETERMINISTIC_CATALOG|V4_ORIGINAL_MISSION
physics-g10-kinematics-velocity	v	Physics	Grade 10 Physics	GRADE_10	v0+a*t			m/s	CLOSED_FORM_NUMERIC	EXACT_WHEN_DECLARED	All declared domain constraints are enforced; required values may not be guessed.	V4_DETERMINISTIC_CATALOG|V4_ORIGINAL_MISSION
physics-g10-kinematics-velocity	v0	Physics	Grade 10 Physics	GRADE_10	v-a*t			m/s	CLOSED_FORM_NUMERIC	EXACT_WHEN_DECLARED	All declared domain constraints are enforced; required values may not be guessed.	V4_DETERMINISTIC_CATALOG|V4_ORIGINAL_MISSION
physics-g10-mechanical-efficiency	eta	Physics	Grade 10 Physics	GRADE_10	useful/input*100			%	CLOSED_FORM_NUMERIC	EXACT_WHEN_DECLARED	All declared domain constraints are enforced; required values may not be guessed.	V4_DETERMINISTIC_CATALOG|V4_ORIGINAL_MISSION
physics-g10-mechanical-efficiency	input	Physics	Grade 10 Physics	GRADE_10	useful*100/eta				CLOSED_FORM_NUMERIC	EXACT_WHEN_DECLARED	All declared domain constraints are enforced; required values may not be guessed.	V4_DETERMINISTIC_CATALOG|V4_ORIGINAL_MISSION
physics-g10-mechanical-efficiency	useful	Physics	Grade 10 Physics	GRADE_10	eta*input/100				CLOSED_FORM_NUMERIC	EXACT_WHEN_DECLARED	All declared domain constraints are enforced; required values may not be guessed.	V4_DETERMINISTIC_CATALOG|V4_ORIGINAL_MISSION
physics-g10-momentum-collision	u1	Physics	Grade 10 Physics	GRADE_10	(m1*v1+m2*v2-m2*u2)/m1			m/s	CLOSED_FORM_NUMERIC	EXACT_WHEN_DECLARED	All declared domain constraints are enforced; required values may not be guessed.	V4_DETERMINISTIC_CATALOG|V4_ORIGINAL_MISSION
physics-g10-momentum-collision	u2	Physics	Grade 10 Physics	GRADE_10	(m1*v1+m2*v2-m1*u1)/m2			m/s	CLOSED_FORM_NUMERIC	EXACT_WHEN_DECLARED	All declared domain constraints are enforced; required values may not be guessed.	V4_DETERMINISTIC_CATALOG|V4_ORIGINAL_MISSION
physics-g10-momentum-collision	v1	Physics	Grade 10 Physics	GRADE_10	(m1*u1+m2*u2-m2*v2)/m1			m/s	CLOSED_FORM_NUMERIC	EXACT_WHEN_DECLARED	All declared domain constraints are enforced; required values may not be guessed.	V4_DETERMINISTIC_CATALOG|V4_ORIGINAL_MISSION
physics-g10-momentum-collision	v2	Physics	Grade 10 Physics	GRADE_10	(m1*u1+m2*u2-m1*v1)/m2			m/s	CLOSED_FORM_NUMERIC	EXACT_WHEN_DECLARED	All declared domain constraints are enforced; required values may not be guessed.	V4_DETERMINISTIC_CATALOG|V4_ORIGINAL_MISSION
physics-g10-newton-second	F	Physics	Grade 10 Physics	GRADE_10	m*a			N	CLOSED_FORM_NUMERIC	EXACT_WHEN_DECLARED	All declared domain constraints are enforced; required values may not be guessed.	V4_DETERMINISTIC_CATALOG|V4_ORIGINAL_MISSION
physics-g10-newton-second	a	Physics	Grade 10 Physics	GRADE_10	F/m			m/s2	CLOSED_FORM_NUMERIC	EXACT_WHEN_DECLARED	All declared domain constraints are enforced; required values may not be guessed.	V4_DETERMINISTIC_CATALOG|V4_ORIGINAL_MISSION
physics-g10-newton-second	m	Physics	Grade 10 Physics	GRADE_10	F/a			kg	CLOSED_FORM_NUMERIC	EXACT_WHEN_DECLARED	All declared domain constraints are enforced; required values may not be guessed.	V4_DETERMINISTIC_CATALOG|V4_ORIGINAL_MISSION
physics-g10-orbital-speed	M	Physics	Grade 10 Physics	GRADE_10	v^2*r/6.67430e-11			kg	CLOSED_FORM_NUMERIC	EXACT_WHEN_DECLARED	All declared domain constraints are enforced; required values may not be guessed.	V4_DETERMINISTIC_CATALOG|V4_ORIGINAL_MISSION
physics-g10-orbital-speed	r	Physics	Grade 10 Physics	GRADE_10	6.67430e-11*M/v^2			m	CLOSED_FORM_NUMERIC	EXACT_WHEN_DECLARED	All declared domain constraints are enforced; required values may not be guessed.	V4_DETERMINISTIC_CATALOG|V4_ORIGINAL_MISSION
physics-g10-orbital-speed	v	Physics	Grade 10 Physics	GRADE_10	sqrt(6.67430e-11*M/r)			m/s	CLOSED_FORM_NUMERIC	EXACT_WHEN_DECLARED	All declared domain constraints are enforced; required values may not be guessed.	V4_DETERMINISTIC_CATALOG|V4_ORIGINAL_MISSION
physics-g10-projectile-height	H	Physics	Grade 10 Physics	GRADE_10	v0^2*sin(theta)^2/(2*g)			m	CLOSED_FORM_NUMERIC	EXACT_WHEN_DECLARED	All declared domain constraints are enforced; required values may not be guessed.	V4_DETERMINISTIC_CATALOG|V4_ORIGINAL_MISSION
physics-g10-projectile-height	g	Physics	Grade 10 Physics	GRADE_10	v0^2*sin(theta)^2/(2*H)			m/s2	CLOSED_FORM_NUMERIC	EXACT_WHEN_DECLARED	All declared domain constraints are enforced; required values may not be guessed.	V4_DETERMINISTIC_CATALOG|V4_ORIGINAL_MISSION
physics-g10-projectile-height	v0	Physics	Grade 10 Physics	GRADE_10	sqrt(2*g*H)/abs(sin(theta))			m/s	CLOSED_FORM_NUMERIC	EXACT_WHEN_DECLARED	All declared domain constraints are enforced; required values may not be guessed.	V4_DETERMINISTIC_CATALOG|V4_ORIGINAL_MISSION
physics-g10-projectile-range	R	Physics	Grade 10 Physics	GRADE_10	v0^2*sin(2*theta)/g			m	EXACT_CLOSED_FORM	EXACT_AND_NUMERIC	All declared domain constraints are enforced; required values may not be guessed.	V4_DETERMINISTIC_CATALOG|V4_ORIGINAL_MISSION
physics-g10-projectile-range	g	Physics	Grade 10 Physics	GRADE_10	v0^2*sin(2*theta)/R			m/s2	EXACT_CLOSED_FORM	EXACT_AND_NUMERIC	All declared domain constraints are enforced; required values may not be guessed.	V4_DETERMINISTIC_CATALOG|V4_ORIGINAL_MISSION
physics-g10-projectile-range	theta	Physics	Grade 10 Physics	GRADE_10	asin(R*g/v0^2)/2	(pi-asin(R*g/v0^2))/2	theta = 1/2 asin(Rg/v0²) or theta = 1/2(π-asin(Rg/v0²))	rad	EXACT_CLOSED_FORM	EXACT_AND_NUMERIC	All declared domain constraints are enforced; required values may not be guessed.	V4_DETERMINISTIC_CATALOG|V4_ORIGINAL_MISSION
physics-g10-projectile-range	v0	Physics	Grade 10 Physics	GRADE_10	sqrt(R*g/sin(2*theta))			m/s	EXACT_CLOSED_FORM	EXACT_AND_NUMERIC	All declared domain constraints are enforced; required values may not be guessed.	V4_DETERMINISTIC_CATALOG|V4_ORIGINAL_MISSION
physics-g10-spring-energy	U	Physics	Grade 10 Physics	GRADE_10	k*x^2/2			J	CLOSED_FORM_NUMERIC	EXACT_WHEN_DECLARED	All declared domain constraints are enforced; required values may not be guessed.	V4_DETERMINISTIC_CATALOG|V4_ORIGINAL_MISSION
physics-g10-spring-energy	k	Physics	Grade 10 Physics	GRADE_10	2*U/x^2			N/m	CLOSED_FORM_NUMERIC	EXACT_WHEN_DECLARED	All declared domain constraints are enforced; required values may not be guessed.	V4_DETERMINISTIC_CATALOG|V4_ORIGINAL_MISSION
physics-g10-spring-energy	x	Physics	Grade 10 Physics	GRADE_10	sqrt(2*U/k)			m	CLOSED_FORM_NUMERIC	EXACT_WHEN_DECLARED	All declared domain constraints are enforced; required values may not be guessed.	V4_DETERMINISTIC_CATALOG|V4_ORIGINAL_MISSION
physics-g10-v4-angular-momentum	I	Physics	Grade 10 Physics	GRADE_10	L/omega			kg*m2	CLOSED_FORM_NUMERIC	EXACT_WHEN_DECLARED	Declared domain constraints are enforced; missing values are never guessed.	UZB_G10_OFFICIAL_TEXTBOOK_INDEX|V4_ORIGINAL_MISSION|V4_SUBJECT_EXPANSION
physics-g10-v4-angular-momentum	L	Physics	Grade 10 Physics	GRADE_10	I*omega			kg*m2/s	CLOSED_FORM_NUMERIC	EXACT_WHEN_DECLARED	Declared domain constraints are enforced; missing values are never guessed.	UZB_G10_OFFICIAL_TEXTBOOK_INDEX|V4_ORIGINAL_MISSION|V4_SUBJECT_EXPANSION
physics-g10-v4-angular-momentum	omega	Physics	Grade 10 Physics	GRADE_10	L/I			rad/s	CLOSED_FORM_NUMERIC	EXACT_WHEN_DECLARED	Declared domain constraints are enforced; missing values are never guessed.	UZB_G10_OFFICIAL_TEXTBOOK_INDEX|V4_ORIGINAL_MISSION|V4_SUBJECT_EXPANSION
physics-g10-v4-angular-power	P	Physics	Grade 10 Physics	GRADE_10	tau*omega			W	CLOSED_FORM_NUMERIC	EXACT_WHEN_DECLARED	Declared domain constraints are enforced; missing values are never guessed.	UZB_G10_OFFICIAL_TEXTBOOK_INDEX|V4_ORIGINAL_MISSION|V4_SUBJECT_EXPANSION
physics-g10-v4-angular-power	omega	Physics	Grade 10 Physics	GRADE_10	P/tau			rad/s	CLOSED_FORM_NUMERIC	EXACT_WHEN_DECLARED	Declared domain constraints are enforced; missing values are never guessed.	UZB_G10_OFFICIAL_TEXTBOOK_INDEX|V4_ORIGINAL_MISSION|V4_SUBJECT_EXPANSION
physics-g10-v4-angular-power	tau	Physics	Grade 10 Physics	GRADE_10	P/omega			N*m	CLOSED_FORM_NUMERIC	EXACT_WHEN_DECLARED	Declared domain constraints are enforced; missing values are never guessed.	UZB_G10_OFFICIAL_TEXTBOOK_INDEX|V4_ORIGINAL_MISSION|V4_SUBJECT_EXPANSION
physics-g10-v4-angular-speed	omega	Physics	Grade 10 Physics	GRADE_10	v/r			rad/s	CLOSED_FORM_NUMERIC	EXACT_WHEN_DECLARED	Declared domain constraints are enforced; missing values are never guessed.	UZB_G10_OFFICIAL_TEXTBOOK_INDEX|V4_ORIGINAL_MISSION|V4_SUBJECT_EXPANSION
physics-g10-v4-angular-speed	r	Physics	Grade 10 Physics	GRADE_10	v/omega			m	CLOSED_FORM_NUMERIC	EXACT_WHEN_DECLARED	Declared domain constraints are enforced; missing values are never guessed.	UZB_G10_OFFICIAL_TEXTBOOK_INDEX|V4_ORIGINAL_MISSION|V4_SUBJECT_EXPANSION
physics-g10-v4-angular-speed	v	Physics	Grade 10 Physics	GRADE_10	omega*r			m/s	CLOSED_FORM_NUMERIC	EXACT_WHEN_DECLARED	Declared domain constraints are enforced; missing values are never guessed.	UZB_G10_OFFICIAL_TEXTBOOK_INDEX|V4_ORIGINAL_MISSION|V4_SUBJECT_EXPANSION
physics-g10-v4-rotational-ke	I	Physics	Grade 10 Physics	GRADE_10	2*K/omega^2			kg*m2	CLOSED_FORM_NUMERIC	EXACT_WHEN_DECLARED	Declared domain constraints are enforced; missing values are never guessed.	UZB_G10_OFFICIAL_TEXTBOOK_INDEX|V4_ORIGINAL_MISSION|V4_SUBJECT_EXPANSION
physics-g10-v4-rotational-ke	K	Physics	Grade 10 Physics	GRADE_10	I*omega^2/2			J	CLOSED_FORM_NUMERIC	EXACT_WHEN_DECLARED	Declared domain constraints are enforced; missing values are never guessed.	UZB_G10_OFFICIAL_TEXTBOOK_INDEX|V4_ORIGINAL_MISSION|V4_SUBJECT_EXPANSION
physics-g10-v4-rotational-ke	omega	Physics	Grade 10 Physics	GRADE_10	sqrt(2*K/I)			rad/s	CLOSED_FORM_NUMERIC	EXACT_WHEN_DECLARED	Declared domain constraints are enforced; missing values are never guessed.	UZB_G10_OFFICIAL_TEXTBOOK_INDEX|V4_ORIGINAL_MISSION|V4_SUBJECT_EXPANSION
physics-g10-v4-rotational-torque	I	Physics	Grade 10 Physics	GRADE_10	tau/alpha			kg*m2	CLOSED_FORM_NUMERIC	EXACT_WHEN_DECLARED	Declared domain constraints are enforced; missing values are never guessed.	UZB_G10_OFFICIAL_TEXTBOOK_INDEX|V4_ORIGINAL_MISSION|V4_SUBJECT_EXPANSION
physics-g10-v4-rotational-torque	alpha	Physics	Grade 10 Physics	GRADE_10	tau/I			rad/s2	CLOSED_FORM_NUMERIC	EXACT_WHEN_DECLARED	Declared domain constraints are enforced; missing values are never guessed.	UZB_G10_OFFICIAL_TEXTBOOK_INDEX|V4_ORIGINAL_MISSION|V4_SUBJECT_EXPANSION
physics-g10-v4-rotational-torque	tau	Physics	Grade 10 Physics	GRADE_10	I*alpha			N*m	CLOSED_FORM_NUMERIC	EXACT_WHEN_DECLARED	Declared domain constraints are enforced; missing values are never guessed.	UZB_G10_OFFICIAL_TEXTBOOK_INDEX|V4_ORIGINAL_MISSION|V4_SUBJECT_EXPANSION
physics-g10-weight	W	Physics	Grade 10 Physics	GRADE_10	m*g			N	CLOSED_FORM_NUMERIC	EXACT_WHEN_DECLARED	All declared domain constraints are enforced; required values may not be guessed.	V4_DETERMINISTIC_CATALOG|V4_ORIGINAL_MISSION
physics-g10-weight	g	Physics	Grade 10 Physics	GRADE_10	W/m			m/s2	CLOSED_FORM_NUMERIC	EXACT_WHEN_DECLARED	All declared domain constraints are enforced; required values may not be guessed.	V4_DETERMINISTIC_CATALOG|V4_ORIGINAL_MISSION
physics-g10-weight	m	Physics	Grade 10 Physics	GRADE_10	W/g			kg	CLOSED_FORM_NUMERIC	EXACT_WHEN_DECLARED	All declared domain constraints are enforced; required values may not be guessed.	V4_DETERMINISTIC_CATALOG|V4_ORIGINAL_MISSION
physics-g11-binding-energy	E	Physics	Advanced Physics	ADVANCED|COLLEGE_INTRO|GRADE_11	dm*299792458^2			J	CLOSED_FORM_NUMERIC	EXACT_WHEN_DECLARED	All declared domain constraints are enforced; required values may not be guessed.	V4_DETERMINISTIC_CATALOG|V4_ORIGINAL_MISSION
physics-g11-binding-energy	dm	Physics	Advanced Physics	ADVANCED|COLLEGE_INTRO|GRADE_11	E/299792458^2			kg	CLOSED_FORM_NUMERIC	EXACT_WHEN_DECLARED	All declared domain constraints are enforced; required values may not be guessed.	V4_DETERMINISTIC_CATALOG|V4_ORIGINAL_MISSION
physics-g11-capacitive-reactance	C	Physics	Grade 11 Physics	GRADE_11	1/(2*pi*f*Xc)			farad	CLOSED_FORM_NUMERIC	EXACT_WHEN_DECLARED	All declared domain constraints are enforced; required values may not be guessed.	V4_DETERMINISTIC_CATALOG|V4_ORIGINAL_MISSION
physics-g11-capacitive-reactance	Xc	Physics	Grade 11 Physics	GRADE_11	1/(2*pi*f*C)			ohm	CLOSED_FORM_NUMERIC	EXACT_WHEN_DECLARED	All declared domain constraints are enforced; required values may not be guessed.	V4_DETERMINISTIC_CATALOG|V4_ORIGINAL_MISSION
physics-g11-capacitive-reactance	f	Physics	Grade 11 Physics	GRADE_11	1/(2*pi*Xc*C)			Hz	CLOSED_FORM_NUMERIC	EXACT_WHEN_DECLARED	All declared domain constraints are enforced; required values may not be guessed.	V4_DETERMINISTIC_CATALOG|V4_ORIGINAL_MISSION
physics-g11-de-broglie	lambda	Physics	Advanced Physics	ADVANCED|COLLEGE_INTRO|GRADE_11	6.62607015e-34/p			m	CLOSED_FORM_NUMERIC	EXACT_WHEN_DECLARED	All declared domain constraints are enforced; required values may not be guessed.	V4_DETERMINISTIC_CATALOG|V4_ORIGINAL_MISSION
physics-g11-de-broglie	p	Physics	Advanced Physics	ADVANCED|COLLEGE_INTRO|GRADE_11	6.62607015e-34/lambda			kg*m/s	CLOSED_FORM_NUMERIC	EXACT_WHEN_DECLARED	All declared domain constraints are enforced; required values may not be guessed.	V4_DETERMINISTIC_CATALOG|V4_ORIGINAL_MISSION
physics-g11-em-wave	f	Physics	Grade 11 Physics	GRADE_11	299792458/lambda			Hz	CLOSED_FORM_NUMERIC	EXACT_WHEN_DECLARED	All declared domain constraints are enforced; required values may not be guessed.	V4_DETERMINISTIC_CATALOG|V4_ORIGINAL_MISSION
physics-g11-em-wave	lambda	Physics	Grade 11 Physics	GRADE_11	299792458/f			m	CLOSED_FORM_NUMERIC	EXACT_WHEN_DECLARED	All declared domain constraints are enforced; required values may not be guessed.	V4_DETERMINISTIC_CATALOG|V4_ORIGINAL_MISSION
physics-g11-half-life	T_half	Physics	Advanced Physics	ADVANCED|COLLEGE_INTRO|GRADE_11	ln(2)/lambda			s	CLOSED_FORM_NUMERIC	EXACT_WHEN_DECLARED	All declared domain constraints are enforced; required values may not be guessed.	V4_DETERMINISTIC_CATALOG|V4_ORIGINAL_MISSION
physics-g11-half-life	lambda	Physics	Advanced Physics	ADVANCED|COLLEGE_INTRO|GRADE_11	ln(2)/T_half			1/s	CLOSED_FORM_NUMERIC	EXACT_WHEN_DECLARED	All declared domain constraints are enforced; required values may not be guessed.	V4_DETERMINISTIC_CATALOG|V4_ORIGINAL_MISSION
physics-g11-inductive-reactance	L	Physics	Grade 11 Physics	GRADE_11	Xl/(2*pi*f)			H	CLOSED_FORM_NUMERIC	EXACT_WHEN_DECLARED	All declared domain constraints are enforced; required values may not be guessed.	V4_DETERMINISTIC_CATALOG|V4_ORIGINAL_MISSION
physics-g11-inductive-reactance	Xl	Physics	Grade 11 Physics	GRADE_11	2*pi*f*L			ohm	CLOSED_FORM_NUMERIC	EXACT_WHEN_DECLARED	All declared domain constraints are enforced; required values may not be guessed.	V4_DETERMINISTIC_CATALOG|V4_ORIGINAL_MISSION
physics-g11-inductive-reactance	f	Physics	Grade 11 Physics	GRADE_11	Xl/(2*pi*L)			Hz	CLOSED_FORM_NUMERIC	EXACT_WHEN_DECLARED	All declared domain constraints are enforced; required values may not be guessed.	V4_DETERMINISTIC_CATALOG|V4_ORIGINAL_MISSION
physics-g11-inductor-energy	I	Physics	Grade 11 Physics	GRADE_11	sqrt(2*U/L)			A	CLOSED_FORM_NUMERIC	EXACT_WHEN_DECLARED	All declared domain constraints are enforced; required values may not be guessed.	V4_DETERMINISTIC_CATALOG|V4_ORIGINAL_MISSION
physics-g11-inductor-energy	L	Physics	Grade 11 Physics	GRADE_11	2*U/I^2			H	CLOSED_FORM_NUMERIC	EXACT_WHEN_DECLARED	All declared domain constraints are enforced; required values may not be guessed.	V4_DETERMINISTIC_CATALOG|V4_ORIGINAL_MISSION
physics-g11-inductor-energy	U	Physics	Grade 11 Physics	GRADE_11	L*I^2/2			J	CLOSED_FORM_NUMERIC	EXACT_WHEN_DECLARED	All declared domain constraints are enforced; required values may not be guessed.	V4_DETERMINISTIC_CATALOG|V4_ORIGINAL_MISSION
physics-g11-lc-resonance	C	Physics	Grade 11 Physics	GRADE_11	1/((2*pi*f)^2*L)			farad	CLOSED_FORM_NUMERIC	EXACT_WHEN_DECLARED	All declared domain constraints are enforced; required values may not be guessed.	V4_DETERMINISTIC_CATALOG|V4_ORIGINAL_MISSION
physics-g11-lc-resonance	L	Physics	Grade 11 Physics	GRADE_11	1/((2*pi*f)^2*C)			H	CLOSED_FORM_NUMERIC	EXACT_WHEN_DECLARED	All declared domain constraints are enforced; required values may not be guessed.	V4_DETERMINISTIC_CATALOG|V4_ORIGINAL_MISSION
physics-g11-lc-resonance	f	Physics	Grade 11 Physics	GRADE_11	1/(2*pi*sqrt(L*C))			Hz	CLOSED_FORM_NUMERIC	EXACT_WHEN_DECLARED	All declared domain constraints are enforced; required values may not be guessed.	V4_DETERMINISTIC_CATALOG|V4_ORIGINAL_MISSION
physics-g11-mass-energy	E	Physics	Advanced Physics	ADVANCED|COLLEGE_INTRO|GRADE_11	m*299792458^2			J	CLOSED_FORM_NUMERIC	EXACT_WHEN_DECLARED	All declared domain constraints are enforced; required values may not be guessed.	V4_DETERMINISTIC_CATALOG|V4_ORIGINAL_MISSION
physics-g11-mass-energy	m	Physics	Advanced Physics	ADVANCED|COLLEGE_INTRO|GRADE_11	E/299792458^2			kg	CLOSED_FORM_NUMERIC	EXACT_WHEN_DECLARED	All declared domain constraints are enforced; required values may not be guessed.	V4_DETERMINISTIC_CATALOG|V4_ORIGINAL_MISSION
physics-g11-pendulum	L	Physics	Grade 11 Physics	GRADE_11	g*(T/(2*pi))^2			m	CLOSED_FORM_NUMERIC	EXACT_WHEN_DECLARED	All declared domain constraints are enforced; required values may not be guessed.	V4_DETERMINISTIC_CATALOG|V4_ORIGINAL_MISSION
physics-g11-pendulum	T	Physics	Grade 11 Physics	GRADE_11	2*pi*sqrt(L/g)			s	CLOSED_FORM_NUMERIC	EXACT_WHEN_DECLARED	All declared domain constraints are enforced; required values may not be guessed.	V4_DETERMINISTIC_CATALOG|V4_ORIGINAL_MISSION
physics-g11-pendulum	g	Physics	Grade 11 Physics	GRADE_11	L*(2*pi/T)^2			m/s2	CLOSED_FORM_NUMERIC	EXACT_WHEN_DECLARED	All declared domain constraints are enforced; required values may not be guessed.	V4_DETERMINISTIC_CATALOG|V4_ORIGINAL_MISSION
physics-g11-photoelectric	Kmax	Physics	Advanced Physics	ADVANCED|COLLEGE_INTRO|GRADE_11	6.62607015e-34*f-phi			J	CLOSED_FORM_NUMERIC	EXACT_WHEN_DECLARED	All declared domain constraints are enforced; required values may not be guessed.	V4_DETERMINISTIC_CATALOG|V4_ORIGINAL_MISSION
physics-g11-photoelectric	f	Physics	Advanced Physics	ADVANCED|COLLEGE_INTRO|GRADE_11	(Kmax+phi)/6.62607015e-34			Hz	CLOSED_FORM_NUMERIC	EXACT_WHEN_DECLARED	All declared domain constraints are enforced; required values may not be guessed.	V4_DETERMINISTIC_CATALOG|V4_ORIGINAL_MISSION
physics-g11-photoelectric	phi	Physics	Advanced Physics	ADVANCED|COLLEGE_INTRO|GRADE_11	6.62607015e-34*f-Kmax			J	CLOSED_FORM_NUMERIC	EXACT_WHEN_DECLARED	All declared domain constraints are enforced; required values may not be guessed.	V4_DETERMINISTIC_CATALOG|V4_ORIGINAL_MISSION
physics-g11-photon-energy	E	Physics	Advanced Physics	ADVANCED|COLLEGE_INTRO|GRADE_11	6.62607015e-34*f			J	CLOSED_FORM_NUMERIC	EXACT_WHEN_DECLARED	All declared domain constraints are enforced; required values may not be guessed.	V4_DETERMINISTIC_CATALOG|V4_ORIGINAL_MISSION
physics-g11-photon-energy	f	Physics	Advanced Physics	ADVANCED|COLLEGE_INTRO|GRADE_11	E/6.62607015e-34			Hz	CLOSED_FORM_NUMERIC	EXACT_WHEN_DECLARED	All declared domain constraints are enforced; required values may not be guessed.	V4_DETERMINISTIC_CATALOG|V4_ORIGINAL_MISSION
physics-g11-radioactive-decay	N	Physics	Advanced Physics	ADVANCED|COLLEGE_INTRO|GRADE_11	N0*exp(-lambda*t)				CLOSED_FORM_NUMERIC	EXACT_WHEN_DECLARED	All declared domain constraints are enforced; required values may not be guessed.	V4_DETERMINISTIC_CATALOG|V4_ORIGINAL_MISSION
physics-g11-radioactive-decay	N0	Physics	Advanced Physics	ADVANCED|COLLEGE_INTRO|GRADE_11	N/exp(-lambda*t)				CLOSED_FORM_NUMERIC	EXACT_WHEN_DECLARED	All declared domain constraints are enforced; required values may not be guessed.	V4_DETERMINISTIC_CATALOG|V4_ORIGINAL_MISSION
physics-g11-radioactive-decay	lambda	Physics	Advanced Physics	ADVANCED|COLLEGE_INTRO|GRADE_11	-ln(N/N0)/t			1/s	CLOSED_FORM_NUMERIC	EXACT_WHEN_DECLARED	All declared domain constraints are enforced; required values may not be guessed.	V4_DETERMINISTIC_CATALOG|V4_ORIGINAL_MISSION
physics-g11-radioactive-decay	t	Physics	Advanced Physics	ADVANCED|COLLEGE_INTRO|GRADE_11	-ln(N/N0)/lambda			s	CLOSED_FORM_NUMERIC	EXACT_WHEN_DECLARED	All declared domain constraints are enforced; required values may not be guessed.	V4_DETERMINISTIC_CATALOG|V4_ORIGINAL_MISSION
physics-g11-rms-voltage	Vpeak	Physics	Grade 11 Physics	GRADE_11	Vrms*sqrt(2)			V	CLOSED_FORM_NUMERIC	EXACT_WHEN_DECLARED	All declared domain constraints are enforced; required values may not be guessed.	V4_DETERMINISTIC_CATALOG|V4_ORIGINAL_MISSION
physics-g11-rms-voltage	Vrms	Physics	Grade 11 Physics	GRADE_11	Vpeak/sqrt(2)			V	CLOSED_FORM_NUMERIC	EXACT_WHEN_DECLARED	All declared domain constraints are enforced; required values may not be guessed.	V4_DETERMINISTIC_CATALOG|V4_ORIGINAL_MISSION
physics-g11-spring-shm	T	Physics	Grade 11 Physics	GRADE_11	2*pi*sqrt(m/k)			s	CLOSED_FORM_NUMERIC	EXACT_WHEN_DECLARED	All declared domain constraints are enforced; required values may not be guessed.	V4_DETERMINISTIC_CATALOG|V4_ORIGINAL_MISSION
physics-g11-spring-shm	k	Physics	Grade 11 Physics	GRADE_11	m*(2*pi/T)^2			N/m	CLOSED_FORM_NUMERIC	EXACT_WHEN_DECLARED	All declared domain constraints are enforced; required values may not be guessed.	V4_DETERMINISTIC_CATALOG|V4_ORIGINAL_MISSION
physics-g11-spring-shm	m	Physics	Grade 11 Physics	GRADE_11	k*(T/(2*pi))^2			kg	CLOSED_FORM_NUMERIC	EXACT_WHEN_DECLARED	All declared domain constraints are enforced; required values may not be guessed.	V4_DETERMINISTIC_CATALOG|V4_ORIGINAL_MISSION
physics-g11-v4-magnetic-charge-force	B	Physics	Grade 11 Physics	GRADE_11	F/(q*v)			T	CLOSED_FORM_NUMERIC	EXACT_WHEN_DECLARED	Declared domain constraints are enforced; missing values are never guessed.	UZB_G11_OFFICIAL_CURRICULUM|V4_ORIGINAL_MISSION|V4_SUBJECT_EXPANSION
physics-g11-v4-magnetic-charge-force	F	Physics	Grade 11 Physics	GRADE_11	q*v*B			N	CLOSED_FORM_NUMERIC	EXACT_WHEN_DECLARED	Declared domain constraints are enforced; missing values are never guessed.	UZB_G11_OFFICIAL_CURRICULUM|V4_ORIGINAL_MISSION|V4_SUBJECT_EXPANSION
physics-g11-v4-magnetic-charge-force	q	Physics	Grade 11 Physics	GRADE_11	F/(v*B)			coulomb	CLOSED_FORM_NUMERIC	EXACT_WHEN_DECLARED	Declared domain constraints are enforced; missing values are never guessed.	UZB_G11_OFFICIAL_CURRICULUM|V4_ORIGINAL_MISSION|V4_SUBJECT_EXPANSION
physics-g11-v4-magnetic-charge-force	v	Physics	Grade 11 Physics	GRADE_11	F/(q*B)			m/s	CLOSED_FORM_NUMERIC	EXACT_WHEN_DECLARED	Declared domain constraints are enforced; missing values are never guessed.	UZB_G11_OFFICIAL_CURRICULUM|V4_ORIGINAL_MISSION|V4_SUBJECT_EXPANSION
physics-g11-v4-magnetic-wire-force	B	Physics	Grade 11 Physics	GRADE_11	F/(I*L)			T	CLOSED_FORM_NUMERIC	EXACT_WHEN_DECLARED	Declared domain constraints are enforced; missing values are never guessed.	UZB_G11_OFFICIAL_CURRICULUM|V4_ORIGINAL_MISSION|V4_SUBJECT_EXPANSION
physics-g11-v4-magnetic-wire-force	F	Physics	Grade 11 Physics	GRADE_11	B*I*L			N	CLOSED_FORM_NUMERIC	EXACT_WHEN_DECLARED	Declared domain constraints are enforced; missing values are never guessed.	UZB_G11_OFFICIAL_CURRICULUM|V4_ORIGINAL_MISSION|V4_SUBJECT_EXPANSION
physics-g11-v4-magnetic-wire-force	I	Physics	Grade 11 Physics	GRADE_11	F/(B*L)			A	CLOSED_FORM_NUMERIC	EXACT_WHEN_DECLARED	Declared domain constraints are enforced; missing values are never guessed.	UZB_G11_OFFICIAL_CURRICULUM|V4_ORIGINAL_MISSION|V4_SUBJECT_EXPANSION
physics-g11-v4-magnetic-wire-force	L	Physics	Grade 11 Physics	GRADE_11	F/(B*I)			m	CLOSED_FORM_NUMERIC	EXACT_WHEN_DECLARED	Declared domain constraints are enforced; missing values are never guessed.	UZB_G11_OFFICIAL_CURRICULUM|V4_ORIGINAL_MISSION|V4_SUBJECT_EXPANSION
physics-g11-v4-photon-momentum	lambda	Physics	Grade 11 Physics	ADVANCED|COLLEGE_INTRO|GRADE_11	6.62607015e-34/p			m	CLOSED_FORM_NUMERIC	EXACT_WHEN_DECLARED	Declared domain constraints are enforced; missing values are never guessed.	UZB_G11_OFFICIAL_CURRICULUM|V4_ORIGINAL_MISSION|V4_SUBJECT_EXPANSION
physics-g11-v4-photon-momentum	p	Physics	Grade 11 Physics	ADVANCED|COLLEGE_INTRO|GRADE_11	6.62607015e-34/lambda			kg*m/s	CLOSED_FORM_NUMERIC	EXACT_WHEN_DECLARED	Declared domain constraints are enforced; missing values are never guessed.	UZB_G11_OFFICIAL_CURRICULUM|V4_ORIGINAL_MISSION|V4_SUBJECT_EXPANSION
physics-g11-v4-radioactive-activity	A	Physics	Grade 11 Physics	ADVANCED|COLLEGE_INTRO|GRADE_11	lambda*N			Bq	CLOSED_FORM_NUMERIC	EXACT_WHEN_DECLARED	Declared domain constraints are enforced; missing values are never guessed.	UZB_G11_OFFICIAL_CURRICULUM|V4_ORIGINAL_MISSION|V4_SUBJECT_EXPANSION
physics-g11-v4-radioactive-activity	N	Physics	Grade 11 Physics	ADVANCED|COLLEGE_INTRO|GRADE_11	A/lambda				CLOSED_FORM_NUMERIC	EXACT_WHEN_DECLARED	Declared domain constraints are enforced; missing values are never guessed.	UZB_G11_OFFICIAL_CURRICULUM|V4_ORIGINAL_MISSION|V4_SUBJECT_EXPANSION
physics-g11-v4-radioactive-activity	lambda	Physics	Grade 11 Physics	ADVANCED|COLLEGE_INTRO|GRADE_11	A/N			1/s	CLOSED_FORM_NUMERIC	EXACT_WHEN_DECLARED	Declared domain constraints are enforced; missing values are never guessed.	UZB_G11_OFFICIAL_CURRICULUM|V4_ORIGINAL_MISSION|V4_SUBJECT_EXPANSION
physics-g8-capacitance	C	Physics	Grade 8 Physics	GRADE_8	Q/V			farad	CLOSED_FORM_NUMERIC	EXACT_WHEN_DECLARED	All declared domain constraints are enforced; required values may not be guessed.	V4_DETERMINISTIC_CATALOG|V4_ORIGINAL_MISSION
physics-g8-capacitance	Q	Physics	Grade 8 Physics	GRADE_8	C*V			coulomb	CLOSED_FORM_NUMERIC	EXACT_WHEN_DECLARED	All declared domain constraints are enforced; required values may not be guessed.	V4_DETERMINISTIC_CATALOG|V4_ORIGINAL_MISSION
physics-g8-capacitance	V	Physics	Grade 8 Physics	GRADE_8	Q/C			V	CLOSED_FORM_NUMERIC	EXACT_WHEN_DECLARED	All declared domain constraints are enforced; required values may not be guessed.	V4_DETERMINISTIC_CATALOG|V4_ORIGINAL_MISSION
physics-g8-capacitor-energy	C	Physics	Grade 8 Physics	GRADE_8	2*U/V^2			farad	CLOSED_FORM_NUMERIC	EXACT_WHEN_DECLARED	All declared domain constraints are enforced; required values may not be guessed.	V4_DETERMINISTIC_CATALOG|V4_ORIGINAL_MISSION
physics-g8-capacitor-energy	U	Physics	Grade 8 Physics	GRADE_8	C*V^2/2			J	CLOSED_FORM_NUMERIC	EXACT_WHEN_DECLARED	All declared domain constraints are enforced; required values may not be guessed.	V4_DETERMINISTIC_CATALOG|V4_ORIGINAL_MISSION
physics-g8-capacitor-energy	V	Physics	Grade 8 Physics	GRADE_8	sqrt(2*U/C)			V	CLOSED_FORM_NUMERIC	EXACT_WHEN_DECLARED	All declared domain constraints are enforced; required values may not be guessed.	V4_DETERMINISTIC_CATALOG|V4_ORIGINAL_MISSION
physics-g8-capacitors-mixed-series-parallel	C1	Physics	Grade 8 Physics	GRADE_8	Ceq-C2*C3/(C2+C3)			farad	CLOSED_FORM_NUMERIC	EXACT_WHEN_DECLARED	All declared domain constraints are enforced; required values may not be guessed.	UZB_G8_OFFICIAL_PORTAL_2020|V4_GRADE8_FULL_MAP|V4_ORIGINAL_MISSION
physics-g8-capacitors-mixed-series-parallel	C2	Physics	Grade 8 Physics	GRADE_8	(Ceq-C1)*C3/(C3-(Ceq-C1))			farad	CLOSED_FORM_NUMERIC	EXACT_WHEN_DECLARED	All declared domain constraints are enforced; required values may not be guessed.	UZB_G8_OFFICIAL_PORTAL_2020|V4_GRADE8_FULL_MAP|V4_ORIGINAL_MISSION
physics-g8-capacitors-mixed-series-parallel	C3	Physics	Grade 8 Physics	GRADE_8	(Ceq-C1)*C2/(C2-(Ceq-C1))			farad	CLOSED_FORM_NUMERIC	EXACT_WHEN_DECLARED	All declared domain constraints are enforced; required values may not be guessed.	UZB_G8_OFFICIAL_PORTAL_2020|V4_GRADE8_FULL_MAP|V4_ORIGINAL_MISSION
physics-g8-capacitors-mixed-series-parallel	Ceq	Physics	Grade 8 Physics	GRADE_8	C1+C2*C3/(C2+C3)			farad	CLOSED_FORM_NUMERIC	EXACT_WHEN_DECLARED	All declared domain constraints are enforced; required values may not be guessed.	UZB_G8_OFFICIAL_PORTAL_2020|V4_GRADE8_FULL_MAP|V4_ORIGINAL_MISSION
physics-g8-capacitors-parallel-two	C1	Physics	Grade 8 Physics	GRADE_8	Ceq-C2			farad	CLOSED_FORM_NUMERIC	EXACT_WHEN_DECLARED	All declared domain constraints are enforced; required values may not be guessed.	UZB_G8_OFFICIAL_PORTAL_2020|V4_GRADE8_FULL_MAP|V4_ORIGINAL_MISSION
physics-g8-capacitors-parallel-two	C2	Physics	Grade 8 Physics	GRADE_8	Ceq-C1			farad	CLOSED_FORM_NUMERIC	EXACT_WHEN_DECLARED	All declared domain constraints are enforced; required values may not be guessed.	UZB_G8_OFFICIAL_PORTAL_2020|V4_GRADE8_FULL_MAP|V4_ORIGINAL_MISSION
physics-g8-capacitors-parallel-two	Ceq	Physics	Grade 8 Physics	GRADE_8	C1+C2			farad	CLOSED_FORM_NUMERIC	EXACT_WHEN_DECLARED	All declared domain constraints are enforced; required values may not be guessed.	UZB_G8_OFFICIAL_PORTAL_2020|V4_GRADE8_FULL_MAP|V4_ORIGINAL_MISSION
physics-g8-capacitors-series-two	C1	Physics	Grade 8 Physics	GRADE_8	Ceq*C2/(C2-Ceq)			farad	CLOSED_FORM_NUMERIC	EXACT_WHEN_DECLARED	All declared domain constraints are enforced; required values may not be guessed.	UZB_G8_OFFICIAL_PORTAL_2020|V4_GRADE8_FULL_MAP|V4_ORIGINAL_MISSION
physics-g8-capacitors-series-two	C2	Physics	Grade 8 Physics	GRADE_8	Ceq*C1/(C1-Ceq)			farad	CLOSED_FORM_NUMERIC	EXACT_WHEN_DECLARED	All declared domain constraints are enforced; required values may not be guessed.	UZB_G8_OFFICIAL_PORTAL_2020|V4_GRADE8_FULL_MAP|V4_ORIGINAL_MISSION
physics-g8-capacitors-series-two	Ceq	Physics	Grade 8 Physics	GRADE_8	C1*C2/(C1+C2)			farad	CLOSED_FORM_NUMERIC	EXACT_WHEN_DECLARED	All declared domain constraints are enforced; required values may not be guessed.	UZB_G8_OFFICIAL_PORTAL_2020|V4_GRADE8_FULL_MAP|V4_ORIGINAL_MISSION
physics-g8-charge-conservation	Qfinal	Physics	Grade 8 Physics	GRADE_8	Qinitial+Qtransfer			coulomb	CLOSED_FORM_NUMERIC	EXACT_WHEN_DECLARED	All declared domain constraints are enforced; required values may not be guessed.	V4_DETERMINISTIC_CATALOG|V4_ORIGINAL_MISSION
physics-g8-charge-conservation	Qinitial	Physics	Grade 8 Physics	GRADE_8	Qfinal-Qtransfer			coulomb	CLOSED_FORM_NUMERIC	EXACT_WHEN_DECLARED	All declared domain constraints are enforced; required values may not be guessed.	V4_DETERMINISTIC_CATALOG|V4_ORIGINAL_MISSION
physics-g8-charge-conservation	Qtransfer	Physics	Grade 8 Physics	GRADE_8	Qfinal-Qinitial			coulomb	CLOSED_FORM_NUMERIC	EXACT_WHEN_DECLARED	All declared domain constraints are enforced; required values may not be guessed.	V4_DETERMINISTIC_CATALOG|V4_ORIGINAL_MISSION
physics-g8-charge-quantization	n	Physics	Grade 8 Physics	GRADE_8	q/1.602176634e-19				CLOSED_FORM_NUMERIC	EXACT_WHEN_DECLARED	All declared domain constraints are enforced; required values may not be guessed.	V4_DETERMINISTIC_CATALOG|V4_ORIGINAL_MISSION
physics-g8-charge-quantization	q	Physics	Grade 8 Physics	GRADE_8	n*1.602176634e-19			coulomb	CLOSED_FORM_NUMERIC	EXACT_WHEN_DECLARED	All declared domain constraints are enforced; required values may not be guessed.	V4_DETERMINISTIC_CATALOG|V4_ORIGINAL_MISSION
physics-g8-charged-particle-radius	B	Physics	Grade 8 Physics	GRADE_8	m*v/(abs(q)*r)			T	CLOSED_FORM_NUMERIC	EXACT_WHEN_DECLARED	All declared domain constraints are enforced; required values may not be guessed.	V4_DETERMINISTIC_CATALOG|V4_ORIGINAL_MISSION
physics-g8-charged-particle-radius	m	Physics	Grade 8 Physics	GRADE_8	r*abs(q)*B/v			kg	CLOSED_FORM_NUMERIC	EXACT_WHEN_DECLARED	All declared domain constraints are enforced; required values may not be guessed.	V4_DETERMINISTIC_CATALOG|V4_ORIGINAL_MISSION
physics-g8-charged-particle-radius	r	Physics	Grade 8 Physics	GRADE_8	m*v/(abs(q)*B)			m	CLOSED_FORM_NUMERIC	EXACT_WHEN_DECLARED	All declared domain constraints are enforced; required values may not be guessed.	V4_DETERMINISTIC_CATALOG|V4_ORIGINAL_MISSION
physics-g8-charged-particle-radius	v	Physics	Grade 8 Physics	GRADE_8	r*abs(q)*B/m			m/s	CLOSED_FORM_NUMERIC	EXACT_WHEN_DECLARED	All declared domain constraints are enforced; required values may not be guessed.	V4_DETERMINISTIC_CATALOG|V4_ORIGINAL_MISSION
physics-g8-coulomb	F	Physics	Grade 8 Physics	GRADE_8	8.9875517923e9*abs(q1*q2)/r^2			N	CLOSED_FORM_NUMERIC	EXACT_WHEN_DECLARED	All declared domain constraints are enforced; required values may not be guessed.	V4_DETERMINISTIC_CATALOG|V4_ORIGINAL_MISSION
physics-g8-coulomb	q1	Physics	Grade 8 Physics	GRADE_8	F*r^2/(8.9875517923e9*q2)			coulomb	CLOSED_FORM_NUMERIC	EXACT_WHEN_DECLARED	All declared domain constraints are enforced; required values may not be guessed.	V4_DETERMINISTIC_CATALOG|V4_ORIGINAL_MISSION
physics-g8-coulomb	q2	Physics	Grade 8 Physics	GRADE_8	F*r^2/(8.9875517923e9*q1)			coulomb	CLOSED_FORM_NUMERIC	EXACT_WHEN_DECLARED	All declared domain constraints are enforced; required values may not be guessed.	V4_DETERMINISTIC_CATALOG|V4_ORIGINAL_MISSION
physics-g8-coulomb	r	Physics	Grade 8 Physics	GRADE_8	sqrt(8.9875517923e9*abs(q1*q2)/F)			m	CLOSED_FORM_NUMERIC	EXACT_WHEN_DECLARED	All declared domain constraints are enforced; required values may not be guessed.	V4_DETERMINISTIC_CATALOG|V4_ORIGINAL_MISSION
physics-g8-current-charge-time	I	Physics	Grade 8 Physics	GRADE_8	Q/t			A	CLOSED_FORM_NUMERIC	EXACT_WHEN_DECLARED	All declared domain constraints are enforced; required values may not be guessed.	V4_DETERMINISTIC_CATALOG|V4_ORIGINAL_MISSION
physics-g8-current-charge-time	Q	Physics	Grade 8 Physics	GRADE_8	I*t			coulomb	CLOSED_FORM_NUMERIC	EXACT_WHEN_DECLARED	All declared domain constraints are enforced; required values may not be guessed.	V4_DETERMINISTIC_CATALOG|V4_ORIGINAL_MISSION
physics-g8-current-charge-time	t	Physics	Grade 8 Physics	GRADE_8	Q/I			s	CLOSED_FORM_NUMERIC	EXACT_WHEN_DECLARED	All declared domain constraints are enforced; required values may not be guessed.	V4_DETERMINISTIC_CATALOG|V4_ORIGINAL_MISSION
physics-g8-current-divider-two	I1	Physics	Grade 8 Physics	GRADE_8	It*R2/(R1+R2)			A	CLOSED_FORM_NUMERIC	EXACT_WHEN_DECLARED	All declared domain constraints are enforced; required values may not be guessed.	V4_DETERMINISTIC_CATALOG|V4_ORIGINAL_MISSION
physics-g8-current-divider-two	It	Physics	Grade 8 Physics	GRADE_8	I1*(R1+R2)/R2			A	CLOSED_FORM_NUMERIC	EXACT_WHEN_DECLARED	All declared domain constraints are enforced; required values may not be guessed.	V4_DETERMINISTIC_CATALOG|V4_ORIGINAL_MISSION
physics-g8-current-divider-two	R1	Physics	Grade 8 Physics	GRADE_8	R2*(It/I1-1)			ohm	CLOSED_FORM_NUMERIC	EXACT_WHEN_DECLARED	All declared domain constraints are enforced; required values may not be guessed.	V4_DETERMINISTIC_CATALOG|V4_ORIGINAL_MISSION
physics-g8-current-divider-two	R2	Physics	Grade 8 Physics	GRADE_8	I1*R1/(It-I1)			ohm	CLOSED_FORM_NUMERIC	EXACT_WHEN_DECLARED	All declared domain constraints are enforced; required values may not be guessed.	V4_DETERMINISTIC_CATALOG|V4_ORIGINAL_MISSION
physics-g8-efficiency	eta	Physics	Grade 8 Physics	GRADE_8	useful/input*100			%	CLOSED_FORM_NUMERIC	EXACT_WHEN_DECLARED	All declared domain constraints are enforced; required values may not be guessed.	V4_DETERMINISTIC_CATALOG|V4_ORIGINAL_MISSION
physics-g8-efficiency	input	Physics	Grade 8 Physics	GRADE_8	useful*100/eta				CLOSED_FORM_NUMERIC	EXACT_WHEN_DECLARED	All declared domain constraints are enforced; required values may not be guessed.	V4_DETERMINISTIC_CATALOG|V4_ORIGINAL_MISSION
physics-g8-efficiency	useful	Physics	Grade 8 Physics	GRADE_8	eta*input/100				CLOSED_FORM_NUMERIC	EXACT_WHEN_DECLARED	All declared domain constraints are enforced; required values may not be guessed.	V4_DETERMINISTIC_CATALOG|V4_ORIGINAL_MISSION
physics-g8-electric-field	E	Physics	Grade 8 Physics	GRADE_8	F/q			N/C	CLOSED_FORM_NUMERIC	EXACT_WHEN_DECLARED	All declared domain constraints are enforced; required values may not be guessed.	V4_DETERMINISTIC_CATALOG|V4_ORIGINAL_MISSION
physics-g8-electric-field	F	Physics	Grade 8 Physics	GRADE_8	E*q			N	CLOSED_FORM_NUMERIC	EXACT_WHEN_DECLARED	All declared domain constraints are enforced; required values may not be guessed.	V4_DETERMINISTIC_CATALOG|V4_ORIGINAL_MISSION
physics-g8-electric-field	q	Physics	Grade 8 Physics	GRADE_8	F/E			coulomb	CLOSED_FORM_NUMERIC	EXACT_WHEN_DECLARED	All declared domain constraints are enforced; required values may not be guessed.	V4_DETERMINISTIC_CATALOG|V4_ORIGINAL_MISSION
physics-g8-electric-potential-work	V	Physics	Grade 8 Physics	GRADE_8	W/q			V	CLOSED_FORM_NUMERIC	EXACT_WHEN_DECLARED	All declared domain constraints are enforced; required values may not be guessed.	V4_DETERMINISTIC_CATALOG|V4_ORIGINAL_MISSION
physics-g8-electric-potential-work	W	Physics	Grade 8 Physics	GRADE_8	V*q			J	CLOSED_FORM_NUMERIC	EXACT_WHEN_DECLARED	All declared domain constraints are enforced; required values may not be guessed.	V4_DETERMINISTIC_CATALOG|V4_ORIGINAL_MISSION
physics-g8-electric-potential-work	q	Physics	Grade 8 Physics	GRADE_8	W/V			coulomb	CLOSED_FORM_NUMERIC	EXACT_WHEN_DECLARED	All declared domain constraints are enforced; required values may not be guessed.	V4_DETERMINISTIC_CATALOG|V4_ORIGINAL_MISSION
physics-g8-electric-power-vi	I	Physics	Grade 8 Physics	GRADE_8	P/V			A	CLOSED_FORM_NUMERIC	EXACT_WHEN_DECLARED	All declared domain constraints are enforced; required values may not be guessed.	UZB_G8_OFFICIAL_PORTAL_2020|V4_GRADE8_FULL_MAP|V4_ORIGINAL_MISSION
physics-g8-electric-power-vi	P	Physics	Grade 8 Physics	GRADE_8	V*I			W	CLOSED_FORM_NUMERIC	EXACT_WHEN_DECLARED	All declared domain constraints are enforced; required values may not be guessed.	UZB_G8_OFFICIAL_PORTAL_2020|V4_GRADE8_FULL_MAP|V4_ORIGINAL_MISSION
physics-g8-electric-power-vi	V	Physics	Grade 8 Physics	GRADE_8	P/I			V	CLOSED_FORM_NUMERIC	EXACT_WHEN_DECLARED	All declared domain constraints are enforced; required values may not be guessed.	UZB_G8_OFFICIAL_PORTAL_2020|V4_GRADE8_FULL_MAP|V4_ORIGINAL_MISSION
physics-g8-electrical-energy	E	Physics	Grade 8 Physics	GRADE_8	P*t			J	CLOSED_FORM_NUMERIC	EXACT_WHEN_DECLARED	All declared domain constraints are enforced; required values may not be guessed.	V4_DETERMINISTIC_CATALOG|V4_ORIGINAL_MISSION
physics-g8-electrical-energy	P	Physics	Grade 8 Physics	GRADE_8	E/t			W	CLOSED_FORM_NUMERIC	EXACT_WHEN_DECLARED	All declared domain constraints are enforced; required values may not be guessed.	V4_DETERMINISTIC_CATALOG|V4_ORIGINAL_MISSION
physics-g8-electrical-energy	t	Physics	Grade 8 Physics	GRADE_8	E/P			s	CLOSED_FORM_NUMERIC	EXACT_WHEN_DECLARED	All declared domain constraints are enforced; required values may not be guessed.	V4_DETERMINISTIC_CATALOG|V4_ORIGINAL_MISSION
physics-g8-electrolysis-faraday	I	Physics	Grade 8 Physics	GRADE_8	m/(k*t)			A	CLOSED_FORM_NUMERIC	EXACT_WHEN_DECLARED	All declared domain constraints are enforced; required values may not be guessed.	V4_DETERMINISTIC_CATALOG|V4_ORIGINAL_MISSION
physics-g8-electrolysis-faraday	k	Physics	Grade 8 Physics	GRADE_8	m/(I*t)			kg/C	CLOSED_FORM_NUMERIC	EXACT_WHEN_DECLARED	All declared domain constraints are enforced; required values may not be guessed.	V4_DETERMINISTIC_CATALOG|V4_ORIGINAL_MISSION
physics-g8-electrolysis-faraday	m	Physics	Grade 8 Physics	GRADE_8	k*I*t			kg	CLOSED_FORM_NUMERIC	EXACT_WHEN_DECLARED	All declared domain constraints are enforced; required values may not be guessed.	V4_DETERMINISTIC_CATALOG|V4_ORIGINAL_MISSION
physics-g8-electrolysis-faraday	t	Physics	Grade 8 Physics	GRADE_8	m/(k*I)			s	CLOSED_FORM_NUMERIC	EXACT_WHEN_DECLARED	All declared domain constraints are enforced; required values may not be guessed.	V4_DETERMINISTIC_CATALOG|V4_ORIGINAL_MISSION
physics-g8-faraday	N	Physics	Grade 8 Physics	GRADE_8	-emf*dt/dPhi				CLOSED_FORM_NUMERIC	EXACT_WHEN_DECLARED	All declared domain constraints are enforced; required values may not be guessed.	V4_DETERMINISTIC_CATALOG|V4_ORIGINAL_MISSION
physics-g8-faraday	dPhi	Physics	Grade 8 Physics	GRADE_8	-emf*dt/N			Wb	CLOSED_FORM_NUMERIC	EXACT_WHEN_DECLARED	All declared domain constraints are enforced; required values may not be guessed.	V4_DETERMINISTIC_CATALOG|V4_ORIGINAL_MISSION
physics-g8-faraday	dt	Physics	Grade 8 Physics	GRADE_8	-N*dPhi/emf			s	CLOSED_FORM_NUMERIC	EXACT_WHEN_DECLARED	All declared domain constraints are enforced; required values may not be guessed.	V4_DETERMINISTIC_CATALOG|V4_ORIGINAL_MISSION
physics-g8-faraday	emf	Physics	Grade 8 Physics	GRADE_8	-N*dPhi/dt			V	CLOSED_FORM_NUMERIC	EXACT_WHEN_DECLARED	All declared domain constraints are enforced; required values may not be guessed.	V4_DETERMINISTIC_CATALOG|V4_ORIGINAL_MISSION
physics-g8-joule-lenz	I	Physics	Grade 8 Physics	GRADE_8	sqrt(Q/(R*t))			A	CLOSED_FORM_NUMERIC	EXACT_WHEN_DECLARED	All declared domain constraints are enforced; required values may not be guessed.	V4_DETERMINISTIC_CATALOG|V4_ORIGINAL_MISSION
physics-g8-joule-lenz	Q	Physics	Grade 8 Physics	GRADE_8	I^2*R*t			J	CLOSED_FORM_NUMERIC	EXACT_WHEN_DECLARED	All declared domain constraints are enforced; required values may not be guessed.	V4_DETERMINISTIC_CATALOG|V4_ORIGINAL_MISSION
physics-g8-joule-lenz	R	Physics	Grade 8 Physics	GRADE_8	Q/(I^2*t)			ohm	CLOSED_FORM_NUMERIC	EXACT_WHEN_DECLARED	All declared domain constraints are enforced; required values may not be guessed.	V4_DETERMINISTIC_CATALOG|V4_ORIGINAL_MISSION
physics-g8-joule-lenz	t	Physics	Grade 8 Physics	GRADE_8	Q/(I^2*R)			s	CLOSED_FORM_NUMERIC	EXACT_WHEN_DECLARED	All declared domain constraints are enforced; required values may not be guessed.	V4_DETERMINISTIC_CATALOG|V4_ORIGINAL_MISSION
physics-g8-lorentz-force	B	Physics	Grade 8 Physics	GRADE_8	F/(q*v*sin(theta))			T	CLOSED_FORM_NUMERIC	EXACT_WHEN_DECLARED	All declared domain constraints are enforced; required values may not be guessed.	V4_DETERMINISTIC_CATALOG|V4_ORIGINAL_MISSION
physics-g8-lorentz-force	F	Physics	Grade 8 Physics	GRADE_8	q*v*B*sin(theta)			N	CLOSED_FORM_NUMERIC	EXACT_WHEN_DECLARED	All declared domain constraints are enforced; required values may not be guessed.	V4_DETERMINISTIC_CATALOG|V4_ORIGINAL_MISSION
physics-g8-lorentz-force	q	Physics	Grade 8 Physics	GRADE_8	F/(v*B*sin(theta))			coulomb	CLOSED_FORM_NUMERIC	EXACT_WHEN_DECLARED	All declared domain constraints are enforced; required values may not be guessed.	V4_DETERMINISTIC_CATALOG|V4_ORIGINAL_MISSION
physics-g8-lorentz-force	v	Physics	Grade 8 Physics	GRADE_8	F/(q*B*sin(theta))			m/s	CLOSED_FORM_NUMERIC	EXACT_WHEN_DECLARED	All declared domain constraints are enforced; required values may not be guessed.	V4_DETERMINISTIC_CATALOG|V4_ORIGINAL_MISSION
physics-g8-magnetic-flux	A	Physics	Grade 8 Physics	GRADE_8	Phi/(B*cos(theta))			m2	CLOSED_FORM_NUMERIC	EXACT_WHEN_DECLARED	All declared domain constraints are enforced; required values may not be guessed.	V4_DETERMINISTIC_CATALOG|V4_ORIGINAL_MISSION
physics-g8-magnetic-flux	B	Physics	Grade 8 Physics	GRADE_8	Phi/(A*cos(theta))			T	CLOSED_FORM_NUMERIC	EXACT_WHEN_DECLARED	All declared domain constraints are enforced; required values may not be guessed.	V4_DETERMINISTIC_CATALOG|V4_ORIGINAL_MISSION
physics-g8-magnetic-flux	Phi	Physics	Grade 8 Physics	GRADE_8	B*A*cos(theta)			Wb	CLOSED_FORM_NUMERIC	EXACT_WHEN_DECLARED	All declared domain constraints are enforced; required values may not be guessed.	V4_DETERMINISTIC_CATALOG|V4_ORIGINAL_MISSION
physics-g8-magnetic-force-wire	B	Physics	Grade 8 Physics	GRADE_8	F/(I*L*sin(theta))			T	CLOSED_FORM_NUMERIC	EXACT_WHEN_DECLARED	All declared domain constraints are enforced; required values may not be guessed.	V4_DETERMINISTIC_CATALOG|V4_ORIGINAL_MISSION
physics-g8-magnetic-force-wire	F	Physics	Grade 8 Physics	GRADE_8	B*I*L*sin(theta)			N	CLOSED_FORM_NUMERIC	EXACT_WHEN_DECLARED	All declared domain constraints are enforced; required values may not be guessed.	V4_DETERMINISTIC_CATALOG|V4_ORIGINAL_MISSION
physics-g8-magnetic-force-wire	I	Physics	Grade 8 Physics	GRADE_8	F/(B*L*sin(theta))			A	CLOSED_FORM_NUMERIC	EXACT_WHEN_DECLARED	All declared domain constraints are enforced; required values may not be guessed.	V4_DETERMINISTIC_CATALOG|V4_ORIGINAL_MISSION
physics-g8-magnetic-force-wire	L	Physics	Grade 8 Physics	GRADE_8	F/(B*I*sin(theta))			m	CLOSED_FORM_NUMERIC	EXACT_WHEN_DECLARED	All declared domain constraints are enforced; required values may not be guessed.	V4_DETERMINISTIC_CATALOG|V4_ORIGINAL_MISSION
physics-g8-mixed-resistance-series-parallel	R1	Physics	Grade 8 Physics	GRADE_8	Req-R2*R3/(R2+R3)			ohm	CLOSED_FORM_NUMERIC	EXACT_WHEN_DECLARED	All declared domain constraints are enforced; required values may not be guessed.	UZB_G8_OFFICIAL_PORTAL_2020|V4_GRADE8_FULL_MAP|V4_ORIGINAL_MISSION
physics-g8-mixed-resistance-series-parallel	R2	Physics	Grade 8 Physics	GRADE_8	(Req-R1)*R3/(R3-(Req-R1))			ohm	CLOSED_FORM_NUMERIC	EXACT_WHEN_DECLARED	All declared domain constraints are enforced; required values may not be guessed.	UZB_G8_OFFICIAL_PORTAL_2020|V4_GRADE8_FULL_MAP|V4_ORIGINAL_MISSION
physics-g8-mixed-resistance-series-parallel	R3	Physics	Grade 8 Physics	GRADE_8	(Req-R1)*R2/(R2-(Req-R1))			ohm	CLOSED_FORM_NUMERIC	EXACT_WHEN_DECLARED	All declared domain constraints are enforced; required values may not be guessed.	UZB_G8_OFFICIAL_PORTAL_2020|V4_GRADE8_FULL_MAP|V4_ORIGINAL_MISSION
physics-g8-mixed-resistance-series-parallel	Req	Physics	Grade 8 Physics	GRADE_8	R1+R2*R3/(R2+R3)			ohm	CLOSED_FORM_NUMERIC	EXACT_WHEN_DECLARED	All declared domain constraints are enforced; required values may not be guessed.	UZB_G8_OFFICIAL_PORTAL_2020|V4_GRADE8_FULL_MAP|V4_ORIGINAL_MISSION
physics-g8-ohms-law	I	Physics	Grade 8 Physics	GRADE_8	V/R			A	CLOSED_FORM_NUMERIC	EXACT_WHEN_DECLARED	All declared domain constraints are enforced; required values may not be guessed.	UZB_G8_OFFICIAL_PORTAL_2020|V4_GRADE8_FULL_MAP|V4_ORIGINAL_MISSION
physics-g8-ohms-law	R	Physics	Grade 8 Physics	GRADE_8	V/I			ohm	CLOSED_FORM_NUMERIC	EXACT_WHEN_DECLARED	All declared domain constraints are enforced; required values may not be guessed.	UZB_G8_OFFICIAL_PORTAL_2020|V4_GRADE8_FULL_MAP|V4_ORIGINAL_MISSION
physics-g8-ohms-law	V	Physics	Grade 8 Physics	GRADE_8	I*R			V	CLOSED_FORM_NUMERIC	EXACT_WHEN_DECLARED	All declared domain constraints are enforced; required values may not be guessed.	UZB_G8_OFFICIAL_PORTAL_2020|V4_GRADE8_FULL_MAP|V4_ORIGINAL_MISSION
physics-g8-parallel-resistance-two	R1	Physics	Grade 8 Physics	GRADE_8	Req*R2/(R2-Req)			ohm	CLOSED_FORM_NUMERIC	EXACT_WHEN_DECLARED	All declared domain constraints are enforced; required values may not be guessed.	V4_DETERMINISTIC_CATALOG|V4_ORIGINAL_MISSION
physics-g8-parallel-resistance-two	R2	Physics	Grade 8 Physics	GRADE_8	Req*R1/(R1-Req)			ohm	CLOSED_FORM_NUMERIC	EXACT_WHEN_DECLARED	All declared domain constraints are enforced; required values may not be guessed.	V4_DETERMINISTIC_CATALOG|V4_ORIGINAL_MISSION
physics-g8-parallel-resistance-two	Req	Physics	Grade 8 Physics	GRADE_8	R1*R2/(R1+R2)			ohm	CLOSED_FORM_NUMERIC	EXACT_WHEN_DECLARED	All declared domain constraints are enforced; required values may not be guessed.	V4_DETERMINISTIC_CATALOG|V4_ORIGINAL_MISSION
physics-g8-point-charge-field	E	Physics	Grade 8 Physics	GRADE_8	8.9875517923e9*abs(Q)/r^2			N/C	CLOSED_FORM_NUMERIC	EXACT_WHEN_DECLARED	All declared domain constraints are enforced; required values may not be guessed.	V4_DETERMINISTIC_CATALOG|V4_ORIGINAL_MISSION
physics-g8-point-charge-field	Q	Physics	Grade 8 Physics	GRADE_8	E*r^2/8.9875517923e9			coulomb	CLOSED_FORM_NUMERIC	EXACT_WHEN_DECLARED	All declared domain constraints are enforced; required values may not be guessed.	V4_DETERMINISTIC_CATALOG|V4_ORIGINAL_MISSION
physics-g8-point-charge-field	r	Physics	Grade 8 Physics	GRADE_8	sqrt(8.9875517923e9*abs(Q)/E)			m	CLOSED_FORM_NUMERIC	EXACT_WHEN_DECLARED	All declared domain constraints are enforced; required values may not be guessed.	V4_DETERMINISTIC_CATALOG|V4_ORIGINAL_MISSION
physics-g8-resistivity	A	Physics	Grade 8 Physics	GRADE_8	rho*L/R			m2	CLOSED_FORM_NUMERIC	EXACT_WHEN_DECLARED	All declared domain constraints are enforced; required values may not be guessed.	V4_DETERMINISTIC_CATALOG|V4_ORIGINAL_MISSION
physics-g8-resistivity	L	Physics	Grade 8 Physics	GRADE_8	R*A/rho			m	CLOSED_FORM_NUMERIC	EXACT_WHEN_DECLARED	All declared domain constraints are enforced; required values may not be guessed.	V4_DETERMINISTIC_CATALOG|V4_ORIGINAL_MISSION
physics-g8-resistivity	R	Physics	Grade 8 Physics	GRADE_8	rho*L/A			ohm	CLOSED_FORM_NUMERIC	EXACT_WHEN_DECLARED	All declared domain constraints are enforced; required values may not be guessed.	V4_DETERMINISTIC_CATALOG|V4_ORIGINAL_MISSION
physics-g8-resistivity	rho	Physics	Grade 8 Physics	GRADE_8	R*A/L			ohm*m	CLOSED_FORM_NUMERIC	EXACT_WHEN_DECLARED	All declared domain constraints are enforced; required values may not be guessed.	V4_DETERMINISTIC_CATALOG|V4_ORIGINAL_MISSION
physics-g8-series-resistance	R1	Physics	Grade 8 Physics	GRADE_8	Req-R2			ohm	CLOSED_FORM_NUMERIC	EXACT_WHEN_DECLARED	All declared domain constraints are enforced; required values may not be guessed.	V4_DETERMINISTIC_CATALOG|V4_ORIGINAL_MISSION
physics-g8-series-resistance	R2	Physics	Grade 8 Physics	GRADE_8	Req-R1			ohm	CLOSED_FORM_NUMERIC	EXACT_WHEN_DECLARED	All declared domain constraints are enforced; required values may not be guessed.	V4_DETERMINISTIC_CATALOG|V4_ORIGINAL_MISSION
physics-g8-series-resistance	Req	Physics	Grade 8 Physics	GRADE_8	R1+R2			ohm	CLOSED_FORM_NUMERIC	EXACT_WHEN_DECLARED	All declared domain constraints are enforced; required values may not be guessed.	V4_DETERMINISTIC_CATALOG|V4_ORIGINAL_MISSION
physics-g8-transformer-current	Ip	Physics	Grade 8 Physics	GRADE_8	Is*Ns/Np			A	CLOSED_FORM_NUMERIC	EXACT_WHEN_DECLARED	All declared domain constraints are enforced; required values may not be guessed.	V4_DETERMINISTIC_CATALOG|V4_ORIGINAL_MISSION
physics-g8-transformer-current	Is	Physics	Grade 8 Physics	GRADE_8	Ip*Np/Ns			A	CLOSED_FORM_NUMERIC	EXACT_WHEN_DECLARED	All declared domain constraints are enforced; required values may not be guessed.	V4_DETERMINISTIC_CATALOG|V4_ORIGINAL_MISSION
physics-g8-transformer-current	Np	Physics	Grade 8 Physics	GRADE_8	Is*Ns/Ip				CLOSED_FORM_NUMERIC	EXACT_WHEN_DECLARED	All declared domain constraints are enforced; required values may not be guessed.	V4_DETERMINISTIC_CATALOG|V4_ORIGINAL_MISSION
physics-g8-transformer-current	Ns	Physics	Grade 8 Physics	GRADE_8	Ip*Np/Is				CLOSED_FORM_NUMERIC	EXACT_WHEN_DECLARED	All declared domain constraints are enforced; required values may not be guessed.	V4_DETERMINISTIC_CATALOG|V4_ORIGINAL_MISSION
physics-g8-transformer-efficiency	Ip	Physics	Grade 8 Physics	GRADE_8	Vs*Is*100/(eta*Vp)			A	CLOSED_FORM_NUMERIC	EXACT_WHEN_DECLARED	All declared domain constraints are enforced; required values may not be guessed.	UZB_G8_OFFICIAL_PORTAL_2020|V4_GRADE8_FULL_MAP|V4_ORIGINAL_MISSION
physics-g8-transformer-efficiency	Is	Physics	Grade 8 Physics	GRADE_8	eta*Vp*Ip/(100*Vs)			A	CLOSED_FORM_NUMERIC	EXACT_WHEN_DECLARED	All declared domain constraints are enforced; required values may not be guessed.	UZB_G8_OFFICIAL_PORTAL_2020|V4_GRADE8_FULL_MAP|V4_ORIGINAL_MISSION
physics-g8-transformer-efficiency	Vp	Physics	Grade 8 Physics	GRADE_8	Vs*Is*100/(eta*Ip)			V	CLOSED_FORM_NUMERIC	EXACT_WHEN_DECLARED	All declared domain constraints are enforced; required values may not be guessed.	UZB_G8_OFFICIAL_PORTAL_2020|V4_GRADE8_FULL_MAP|V4_ORIGINAL_MISSION
physics-g8-transformer-efficiency	Vs	Physics	Grade 8 Physics	GRADE_8	eta*Vp*Ip/(100*Is)			V	CLOSED_FORM_NUMERIC	EXACT_WHEN_DECLARED	All declared domain constraints are enforced; required values may not be guessed.	UZB_G8_OFFICIAL_PORTAL_2020|V4_GRADE8_FULL_MAP|V4_ORIGINAL_MISSION
physics-g8-transformer-efficiency	eta	Physics	Grade 8 Physics	GRADE_8	Vs*Is/(Vp*Ip)*100			%	CLOSED_FORM_NUMERIC	EXACT_WHEN_DECLARED	All declared domain constraints are enforced; required values may not be guessed.	UZB_G8_OFFICIAL_PORTAL_2020|V4_GRADE8_FULL_MAP|V4_ORIGINAL_MISSION
physics-g8-transformer-ideal-power	Ip	Physics	Grade 8 Physics	GRADE_8	Vs*Is/Vp			A	CLOSED_FORM_NUMERIC	EXACT_WHEN_DECLARED	All declared domain constraints are enforced; required values may not be guessed.	UZB_G8_OFFICIAL_PORTAL_2020|V4_GRADE8_FULL_MAP|V4_ORIGINAL_MISSION
physics-g8-transformer-ideal-power	Is	Physics	Grade 8 Physics	GRADE_8	Vp*Ip/Vs			A	CLOSED_FORM_NUMERIC	EXACT_WHEN_DECLARED	All declared domain constraints are enforced; required values may not be guessed.	UZB_G8_OFFICIAL_PORTAL_2020|V4_GRADE8_FULL_MAP|V4_ORIGINAL_MISSION
physics-g8-transformer-ideal-power	Vp	Physics	Grade 8 Physics	GRADE_8	Vs*Is/Ip			V	CLOSED_FORM_NUMERIC	EXACT_WHEN_DECLARED	All declared domain constraints are enforced; required values may not be guessed.	UZB_G8_OFFICIAL_PORTAL_2020|V4_GRADE8_FULL_MAP|V4_ORIGINAL_MISSION
physics-g8-transformer-ideal-power	Vs	Physics	Grade 8 Physics	GRADE_8	Vp*Ip/Is			V	CLOSED_FORM_NUMERIC	EXACT_WHEN_DECLARED	All declared domain constraints are enforced; required values may not be guessed.	UZB_G8_OFFICIAL_PORTAL_2020|V4_GRADE8_FULL_MAP|V4_ORIGINAL_MISSION
physics-g8-transformer-voltage	Np	Physics	Grade 8 Physics	GRADE_8	Vp*Ns/Vs				CLOSED_FORM_NUMERIC	EXACT_WHEN_DECLARED	All declared domain constraints are enforced; required values may not be guessed.	V4_DETERMINISTIC_CATALOG|V4_ORIGINAL_MISSION
physics-g8-transformer-voltage	Ns	Physics	Grade 8 Physics	GRADE_8	Vs*Np/Vp				CLOSED_FORM_NUMERIC	EXACT_WHEN_DECLARED	All declared domain constraints are enforced; required values may not be guessed.	V4_DETERMINISTIC_CATALOG|V4_ORIGINAL_MISSION
physics-g8-transformer-voltage	Vp	Physics	Grade 8 Physics	GRADE_8	Vs*Np/Ns			V	CLOSED_FORM_NUMERIC	EXACT_WHEN_DECLARED	All declared domain constraints are enforced; required values may not be guessed.	V4_DETERMINISTIC_CATALOG|V4_ORIGINAL_MISSION
physics-g8-transformer-voltage	Vs	Physics	Grade 8 Physics	GRADE_8	Vp*Ns/Np			V	CLOSED_FORM_NUMERIC	EXACT_WHEN_DECLARED	All declared domain constraints are enforced; required values may not be guessed.	V4_DETERMINISTIC_CATALOG|V4_ORIGINAL_MISSION
physics-g8-voltage-divider	R1	Physics	Grade 8 Physics	GRADE_8	R2*(Vin/Vout-1)			ohm	CLOSED_FORM_NUMERIC	EXACT_WHEN_DECLARED	All declared domain constraints are enforced; required values may not be guessed.	V4_DETERMINISTIC_CATALOG|V4_ORIGINAL_MISSION
physics-g8-voltage-divider	R2	Physics	Grade 8 Physics	GRADE_8	Vout*R1/(Vin-Vout)			ohm	CLOSED_FORM_NUMERIC	EXACT_WHEN_DECLARED	All declared domain constraints are enforced; required values may not be guessed.	V4_DETERMINISTIC_CATALOG|V4_ORIGINAL_MISSION
physics-g8-voltage-divider	Vin	Physics	Grade 8 Physics	GRADE_8	Vout*(R1+R2)/R2			V	CLOSED_FORM_NUMERIC	EXACT_WHEN_DECLARED	All declared domain constraints are enforced; required values may not be guessed.	V4_DETERMINISTIC_CATALOG|V4_ORIGINAL_MISSION
physics-g8-voltage-divider	Vout	Physics	Grade 8 Physics	GRADE_8	Vin*R2/(R1+R2)			V	CLOSED_FORM_NUMERIC	EXACT_WHEN_DECLARED	All declared domain constraints are enforced; required values may not be guessed.	V4_DETERMINISTIC_CATALOG|V4_ORIGINAL_MISSION
physics-g9-boyle	P1	Physics	Grade 9 Physics	GRADE_9	P2*V2/V1			Pa	CLOSED_FORM_NUMERIC	EXACT_WHEN_DECLARED	All declared domain constraints are enforced; required values may not be guessed.	V4_DETERMINISTIC_CATALOG|V4_ORIGINAL_MISSION
physics-g9-boyle	P2	Physics	Grade 9 Physics	GRADE_9	P1*V1/V2			Pa	CLOSED_FORM_NUMERIC	EXACT_WHEN_DECLARED	All declared domain constraints are enforced; required values may not be guessed.	V4_DETERMINISTIC_CATALOG|V4_ORIGINAL_MISSION
physics-g9-boyle	V1	Physics	Grade 9 Physics	GRADE_9	P2*V2/P1			m3	CLOSED_FORM_NUMERIC	EXACT_WHEN_DECLARED	All declared domain constraints are enforced; required values may not be guessed.	V4_DETERMINISTIC_CATALOG|V4_ORIGINAL_MISSION
physics-g9-boyle	V2	Physics	Grade 9 Physics	GRADE_9	P1*V1/P2			m3	CLOSED_FORM_NUMERIC	EXACT_WHEN_DECLARED	All declared domain constraints are enforced; required values may not be guessed.	V4_DETERMINISTIC_CATALOG|V4_ORIGINAL_MISSION
physics-g9-calorimetry-balance	Tf	Physics	Grade 9 Physics	GRADE_9	(m1*c1*T1+m2*c2*T2)/(m1*c1+m2*c2)			K	CLOSED_FORM_NUMERIC	EXACT_WHEN_DECLARED	All declared domain constraints are enforced; required values may not be guessed.	V4_DETERMINISTIC_CATALOG|V4_ORIGINAL_MISSION
physics-g9-capillary-rise	gamma	Physics	Grade 9 Physics	GRADE_9	h*rho*g*r/(2*cos(theta))			N/m	CLOSED_FORM_NUMERIC	EXACT_WHEN_DECLARED	All declared domain constraints are enforced; required values may not be guessed.	V4_DETERMINISTIC_CATALOG|V4_ORIGINAL_MISSION
physics-g9-capillary-rise	h	Physics	Grade 9 Physics	GRADE_9	2*gamma*cos(theta)/(rho*g*r)			m	CLOSED_FORM_NUMERIC	EXACT_WHEN_DECLARED	All declared domain constraints are enforced; required values may not be guessed.	V4_DETERMINISTIC_CATALOG|V4_ORIGINAL_MISSION
physics-g9-capillary-rise	r	Physics	Grade 9 Physics	GRADE_9	2*gamma*cos(theta)/(rho*g*h)			m	CLOSED_FORM_NUMERIC	EXACT_WHEN_DECLARED	All declared domain constraints are enforced; required values may not be guessed.	V4_DETERMINISTIC_CATALOG|V4_ORIGINAL_MISSION
physics-g9-charles	T1	Physics	Grade 9 Physics	GRADE_9	V1*T2/V2			K	CLOSED_FORM_NUMERIC	EXACT_WHEN_DECLARED	All declared domain constraints are enforced; required values may not be guessed.	V4_DETERMINISTIC_CATALOG|V4_ORIGINAL_MISSION
physics-g9-charles	T2	Physics	Grade 9 Physics	GRADE_9	V2*T1/V1			K	CLOSED_FORM_NUMERIC	EXACT_WHEN_DECLARED	All declared domain constraints are enforced; required values may not be guessed.	V4_DETERMINISTIC_CATALOG|V4_ORIGINAL_MISSION
physics-g9-charles	V1	Physics	Grade 9 Physics	GRADE_9	V2*T1/T2			m3	CLOSED_FORM_NUMERIC	EXACT_WHEN_DECLARED	All declared domain constraints are enforced; required values may not be guessed.	V4_DETERMINISTIC_CATALOG|V4_ORIGINAL_MISSION
physics-g9-charles	V2	Physics	Grade 9 Physics	GRADE_9	V1*T2/T1			m3	CLOSED_FORM_NUMERIC	EXACT_WHEN_DECLARED	All declared domain constraints are enforced; required values may not be guessed.	V4_DETERMINISTIC_CATALOG|V4_ORIGINAL_MISSION
physics-g9-combined-gas	P1	Physics	Grade 9 Physics	GRADE_9	P2*V2*T1/(T2*V1)			Pa	CLOSED_FORM_NUMERIC	EXACT_WHEN_DECLARED	All declared domain constraints are enforced; required values may not be guessed.	V4_DETERMINISTIC_CATALOG|V4_ORIGINAL_MISSION
physics-g9-combined-gas	P2	Physics	Grade 9 Physics	GRADE_9	P1*V1*T2/(T1*V2)			Pa	CLOSED_FORM_NUMERIC	EXACT_WHEN_DECLARED	All declared domain constraints are enforced; required values may not be guessed.	V4_DETERMINISTIC_CATALOG|V4_ORIGINAL_MISSION
physics-g9-combined-gas	T1	Physics	Grade 9 Physics	GRADE_9	P1*V1*T2/(P2*V2)			K	CLOSED_FORM_NUMERIC	EXACT_WHEN_DECLARED	All declared domain constraints are enforced; required values may not be guessed.	V4_DETERMINISTIC_CATALOG|V4_ORIGINAL_MISSION
physics-g9-combined-gas	T2	Physics	Grade 9 Physics	GRADE_9	P2*V2*T1/(P1*V1)			K	CLOSED_FORM_NUMERIC	EXACT_WHEN_DECLARED	All declared domain constraints are enforced; required values may not be guessed.	V4_DETERMINISTIC_CATALOG|V4_ORIGINAL_MISSION
physics-g9-combined-gas	V1	Physics	Grade 9 Physics	GRADE_9	P2*V2*T1/(T2*P1)			m3	CLOSED_FORM_NUMERIC	EXACT_WHEN_DECLARED	All declared domain constraints are enforced; required values may not be guessed.	V4_DETERMINISTIC_CATALOG|V4_ORIGINAL_MISSION
physics-g9-combined-gas	V2	Physics	Grade 9 Physics	GRADE_9	P1*V1*T2/(T1*P2)			m3	CLOSED_FORM_NUMERIC	EXACT_WHEN_DECLARED	All declared domain constraints are enforced; required values may not be guessed.	V4_DETERMINISTIC_CATALOG|V4_ORIGINAL_MISSION
physics-g9-critical-angle	n1	Physics	Grade 9 Physics	GRADE_9	n2/sin(thetaC)				CLOSED_FORM_NUMERIC	EXACT_WHEN_DECLARED	All declared domain constraints are enforced; required values may not be guessed.	V4_DETERMINISTIC_CATALOG|V4_ORIGINAL_MISSION
physics-g9-critical-angle	n2	Physics	Grade 9 Physics	GRADE_9	n1*sin(thetaC)				CLOSED_FORM_NUMERIC	EXACT_WHEN_DECLARED	All declared domain constraints are enforced; required values may not be guessed.	V4_DETERMINISTIC_CATALOG|V4_ORIGINAL_MISSION
physics-g9-critical-angle	thetaC	Physics	Grade 9 Physics	GRADE_9	asin(n2/n1)			rad	CLOSED_FORM_NUMERIC	EXACT_WHEN_DECLARED	All declared domain constraints are enforced; required values may not be guessed.	V4_DETERMINISTIC_CATALOG|V4_ORIGINAL_MISSION
physics-g9-frequency-wavelength	f	Physics	Grade 9 Physics	GRADE_9	v/lambda			Hz	CLOSED_FORM_NUMERIC	EXACT_WHEN_DECLARED	All declared domain constraints are enforced; required values may not be guessed.	V4_DETERMINISTIC_CATALOG|V4_ORIGINAL_MISSION
physics-g9-frequency-wavelength	lambda	Physics	Grade 9 Physics	GRADE_9	v/f			m	CLOSED_FORM_NUMERIC	EXACT_WHEN_DECLARED	All declared domain constraints are enforced; required values may not be guessed.	V4_DETERMINISTIC_CATALOG|V4_ORIGINAL_MISSION
physics-g9-frequency-wavelength	v	Physics	Grade 9 Physics	GRADE_9	f*lambda			m/s	CLOSED_FORM_NUMERIC	EXACT_WHEN_DECLARED	All declared domain constraints are enforced; required values may not be guessed.	V4_DETERMINISTIC_CATALOG|V4_ORIGINAL_MISSION
physics-g9-latent-heat	L	Physics	Grade 9 Physics	GRADE_9	Q/m			J/kg	CLOSED_FORM_NUMERIC	EXACT_WHEN_DECLARED	All declared domain constraints are enforced; required values may not be guessed.	V4_DETERMINISTIC_CATALOG|V4_ORIGINAL_MISSION
physics-g9-latent-heat	Q	Physics	Grade 9 Physics	GRADE_9	m*L			J	CLOSED_FORM_NUMERIC	EXACT_WHEN_DECLARED	All declared domain constraints are enforced; required values may not be guessed.	V4_DETERMINISTIC_CATALOG|V4_ORIGINAL_MISSION
physics-g9-latent-heat	m	Physics	Grade 9 Physics	GRADE_9	Q/L			kg	CLOSED_FORM_NUMERIC	EXACT_WHEN_DECLARED	All declared domain constraints are enforced; required values may not be guessed.	V4_DETERMINISTIC_CATALOG|V4_ORIGINAL_MISSION
physics-g9-lens-magnification	M	Physics	Grade 9 Physics	GRADE_9	-di/do				CLOSED_FORM_NUMERIC	EXACT_WHEN_DECLARED	All declared domain constraints are enforced; required values may not be guessed.	V4_DETERMINISTIC_CATALOG|V4_ORIGINAL_MISSION
physics-g9-lens-magnification	di	Physics	Grade 9 Physics	GRADE_9	-M*do			m	CLOSED_FORM_NUMERIC	EXACT_WHEN_DECLARED	All declared domain constraints are enforced; required values may not be guessed.	V4_DETERMINISTIC_CATALOG|V4_ORIGINAL_MISSION
physics-g9-lens-magnification	do	Physics	Grade 9 Physics	GRADE_9	-di/M			m	CLOSED_FORM_NUMERIC	EXACT_WHEN_DECLARED	All declared domain constraints are enforced; required values may not be guessed.	V4_DETERMINISTIC_CATALOG|V4_ORIGINAL_MISSION
physics-g9-lens-power	P	Physics	Grade 9 Physics	GRADE_9	1/f			D	CLOSED_FORM_NUMERIC	EXACT_WHEN_DECLARED	All declared domain constraints are enforced; required values may not be guessed.	V4_DETERMINISTIC_CATALOG|V4_ORIGINAL_MISSION
physics-g9-lens-power	f	Physics	Grade 9 Physics	GRADE_9	1/P			m	CLOSED_FORM_NUMERIC	EXACT_WHEN_DECLARED	All declared domain constraints are enforced; required values may not be guessed.	V4_DETERMINISTIC_CATALOG|V4_ORIGINAL_MISSION
physics-g9-linear-expansion	L0	Physics	Grade 9 Physics	GRADE_9	dL/(alpha*dT)			m	CLOSED_FORM_NUMERIC	EXACT_WHEN_DECLARED	All declared domain constraints are enforced; required values may not be guessed.	V4_DETERMINISTIC_CATALOG|V4_ORIGINAL_MISSION
physics-g9-linear-expansion	alpha	Physics	Grade 9 Physics	GRADE_9	dL/(L0*dT)			1/K	CLOSED_FORM_NUMERIC	EXACT_WHEN_DECLARED	All declared domain constraints are enforced; required values may not be guessed.	V4_DETERMINISTIC_CATALOG|V4_ORIGINAL_MISSION
physics-g9-linear-expansion	dL	Physics	Grade 9 Physics	GRADE_9	alpha*L0*dT			m	CLOSED_FORM_NUMERIC	EXACT_WHEN_DECLARED	All declared domain constraints are enforced; required values may not be guessed.	V4_DETERMINISTIC_CATALOG|V4_ORIGINAL_MISSION
physics-g9-linear-expansion	dT	Physics	Grade 9 Physics	GRADE_9	dL/(alpha*L0)			K	CLOSED_FORM_NUMERIC	EXACT_WHEN_DECLARED	All declared domain constraints are enforced; required values may not be guessed.	V4_DETERMINISTIC_CATALOG|V4_ORIGINAL_MISSION
physics-g9-refractive-index-speed	n	Physics	Grade 9 Physics	GRADE_9	299792458/v				CLOSED_FORM_NUMERIC	EXACT_WHEN_DECLARED	All declared domain constraints are enforced; required values may not be guessed.	V4_DETERMINISTIC_CATALOG|V4_ORIGINAL_MISSION
physics-g9-refractive-index-speed	v	Physics	Grade 9 Physics	GRADE_9	299792458/n			m/s	CLOSED_FORM_NUMERIC	EXACT_WHEN_DECLARED	All declared domain constraints are enforced; required values may not be guessed.	V4_DETERMINISTIC_CATALOG|V4_ORIGINAL_MISSION
physics-g9-snell	n1	Physics	Grade 9 Physics	GRADE_9	n2*sin(theta2)/sin(theta1)				CLOSED_FORM_NUMERIC	EXACT_WHEN_DECLARED	All declared domain constraints are enforced; required values may not be guessed.	V4_DETERMINISTIC_CATALOG|V4_ORIGINAL_MISSION
physics-g9-snell	n2	Physics	Grade 9 Physics	GRADE_9	n1*sin(theta1)/sin(theta2)				CLOSED_FORM_NUMERIC	EXACT_WHEN_DECLARED	All declared domain constraints are enforced; required values may not be guessed.	V4_DETERMINISTIC_CATALOG|V4_ORIGINAL_MISSION
physics-g9-snell	theta1	Physics	Grade 9 Physics	GRADE_9	asin(n2*sin(theta2)/n1)			rad	CLOSED_FORM_NUMERIC	EXACT_WHEN_DECLARED	All declared domain constraints are enforced; required values may not be guessed.	V4_DETERMINISTIC_CATALOG|V4_ORIGINAL_MISSION
physics-g9-snell	theta2	Physics	Grade 9 Physics	GRADE_9	asin(n1*sin(theta1)/n2)			rad	CLOSED_FORM_NUMERIC	EXACT_WHEN_DECLARED	All declared domain constraints are enforced; required values may not be guessed.	V4_DETERMINISTIC_CATALOG|V4_ORIGINAL_MISSION
physics-g9-surface-tension	F	Physics	Grade 9 Physics	GRADE_9	gamma*L			N	CLOSED_FORM_NUMERIC	EXACT_WHEN_DECLARED	All declared domain constraints are enforced; required values may not be guessed.	V4_DETERMINISTIC_CATALOG|V4_ORIGINAL_MISSION
physics-g9-surface-tension	L	Physics	Grade 9 Physics	GRADE_9	F/gamma			m	CLOSED_FORM_NUMERIC	EXACT_WHEN_DECLARED	All declared domain constraints are enforced; required values may not be guessed.	V4_DETERMINISTIC_CATALOG|V4_ORIGINAL_MISSION
physics-g9-surface-tension	gamma	Physics	Grade 9 Physics	GRADE_9	F/L			N/m	CLOSED_FORM_NUMERIC	EXACT_WHEN_DECLARED	All declared domain constraints are enforced; required values may not be guessed.	V4_DETERMINISTIC_CATALOG|V4_ORIGINAL_MISSION
physics-g9-v4-first-law	Q	Physics	Grade 9 Physics	GRADE_9	dU+W			J	CLOSED_FORM_NUMERIC	EXACT_WHEN_DECLARED	Declared domain constraints are enforced; missing values are never guessed.	UZB_G9_OFFICIAL_TEXTBOOK_AND_LABS|V4_ORIGINAL_MISSION|V4_SUBJECT_EXPANSION
physics-g9-v4-first-law	W	Physics	Grade 9 Physics	GRADE_9	Q-dU			J	CLOSED_FORM_NUMERIC	EXACT_WHEN_DECLARED	Declared domain constraints are enforced; missing values are never guessed.	UZB_G9_OFFICIAL_TEXTBOOK_AND_LABS|V4_ORIGINAL_MISSION|V4_SUBJECT_EXPANSION
physics-g9-v4-first-law	dU	Physics	Grade 9 Physics	GRADE_9	Q-W			J	CLOSED_FORM_NUMERIC	EXACT_WHEN_DECLARED	Declared domain constraints are enforced; missing values are never guessed.	UZB_G9_OFFICIAL_TEXTBOOK_AND_LABS|V4_ORIGINAL_MISSION|V4_SUBJECT_EXPANSION
physics-g9-v4-gay-lussac	P1	Physics	Grade 9 Physics	GRADE_9	P2*T1/T2			Pa	CLOSED_FORM_NUMERIC	EXACT_WHEN_DECLARED	Declared domain constraints are enforced; missing values are never guessed.	UZB_G9_OFFICIAL_TEXTBOOK_AND_LABS|V4_ORIGINAL_MISSION|V4_SUBJECT_EXPANSION
physics-g9-v4-gay-lussac	P2	Physics	Grade 9 Physics	GRADE_9	P1*T2/T1			Pa	CLOSED_FORM_NUMERIC	EXACT_WHEN_DECLARED	Declared domain constraints are enforced; missing values are never guessed.	UZB_G9_OFFICIAL_TEXTBOOK_AND_LABS|V4_ORIGINAL_MISSION|V4_SUBJECT_EXPANSION
physics-g9-v4-gay-lussac	T1	Physics	Grade 9 Physics	GRADE_9	P1*T2/P2			K	CLOSED_FORM_NUMERIC	EXACT_WHEN_DECLARED	Declared domain constraints are enforced; missing values are never guessed.	UZB_G9_OFFICIAL_TEXTBOOK_AND_LABS|V4_ORIGINAL_MISSION|V4_SUBJECT_EXPANSION
physics-g9-v4-gay-lussac	T2	Physics	Grade 9 Physics	GRADE_9	P2*T1/P1			K	CLOSED_FORM_NUMERIC	EXACT_WHEN_DECLARED	Declared domain constraints are enforced; missing values are never guessed.	UZB_G9_OFFICIAL_TEXTBOOK_AND_LABS|V4_ORIGINAL_MISSION|V4_SUBJECT_EXPANSION
physics-g9-v4-heat-engine-efficiency	Qh	Physics	Grade 9 Physics	GRADE_9	W*100/eta			J	CLOSED_FORM_NUMERIC	EXACT_WHEN_DECLARED	Declared domain constraints are enforced; missing values are never guessed.	UZB_G9_OFFICIAL_TEXTBOOK_AND_LABS|V4_ORIGINAL_MISSION|V4_SUBJECT_EXPANSION
physics-g9-v4-heat-engine-efficiency	W	Physics	Grade 9 Physics	GRADE_9	eta*Qh/100			J	CLOSED_FORM_NUMERIC	EXACT_WHEN_DECLARED	Declared domain constraints are enforced; missing values are never guessed.	UZB_G9_OFFICIAL_TEXTBOOK_AND_LABS|V4_ORIGINAL_MISSION|V4_SUBJECT_EXPANSION
physics-g9-v4-heat-engine-efficiency	eta	Physics	Grade 9 Physics	GRADE_9	W/Qh*100			%	CLOSED_FORM_NUMERIC	EXACT_WHEN_DECLARED	Declared domain constraints are enforced; missing values are never guessed.	UZB_G9_OFFICIAL_TEXTBOOK_AND_LABS|V4_ORIGINAL_MISSION|V4_SUBJECT_EXPANSION
physics-g9-v4-mirror-equation	di	Physics	Grade 9 Physics	GRADE_9	f*do/(do-f)			m	CLOSED_FORM_NUMERIC	EXACT_WHEN_DECLARED	Declared domain constraints are enforced; missing values are never guessed.	UZB_G9_OFFICIAL_TEXTBOOK_AND_LABS|V4_ORIGINAL_MISSION|V4_SUBJECT_EXPANSION
physics-g9-v4-mirror-equation	do	Physics	Grade 9 Physics	GRADE_9	f*di/(di-f)			m	CLOSED_FORM_NUMERIC	EXACT_WHEN_DECLARED	Declared domain constraints are enforced; missing values are never guessed.	UZB_G9_OFFICIAL_TEXTBOOK_AND_LABS|V4_ORIGINAL_MISSION|V4_SUBJECT_EXPANSION
physics-g9-v4-mirror-equation	f	Physics	Grade 9 Physics	GRADE_9	do*di/(do+di)			m	CLOSED_FORM_NUMERIC	EXACT_WHEN_DECLARED	Declared domain constraints are enforced; missing values are never guessed.	UZB_G9_OFFICIAL_TEXTBOOK_AND_LABS|V4_ORIGINAL_MISSION|V4_SUBJECT_EXPANSION
physics-g9-v4-sound-level	I	Physics	Grade 9 Physics	GRADE_9	1e-12*10^(beta/10)			W/m2	CLOSED_FORM_NUMERIC	EXACT_WHEN_DECLARED	Declared domain constraints are enforced; missing values are never guessed.	UZB_G9_OFFICIAL_TEXTBOOK_AND_LABS|V4_ORIGINAL_MISSION|V4_SUBJECT_EXPANSION
physics-g9-v4-sound-level	beta	Physics	Grade 9 Physics	GRADE_9	10*log10(I/1e-12)			dB	CLOSED_FORM_NUMERIC	EXACT_WHEN_DECLARED	Declared domain constraints are enforced; missing values are never guessed.	UZB_G9_OFFICIAL_TEXTBOOK_AND_LABS|V4_ORIGINAL_MISSION|V4_SUBJECT_EXPANSION
physics-g9-wave-period	T	Physics	Grade 9 Physics	GRADE_9	1/f			s	CLOSED_FORM_NUMERIC	EXACT_WHEN_DECLARED	All declared domain constraints are enforced; required values may not be guessed.	V4_DETERMINISTIC_CATALOG|V4_ORIGINAL_MISSION
physics-g9-wave-period	f	Physics	Grade 9 Physics	GRADE_9	1/T			Hz	CLOSED_FORM_NUMERIC	EXACT_WHEN_DECLARED	All declared domain constraints are enforced; required values may not be guessed.	V4_DETERMINISTIC_CATALOG|V4_ORIGINAL_MISSION
physics-heat-energy	Q	Physics	Physics	GENERAL	m*c*dT			J	CLOSED_FORM_NUMERIC	EXACT_WHEN_DECLARED	m must be non-negative | c must be non-negative	BACKEND_1_1_VERIFIED_BASELINE
physics-heat-energy	c	Physics	Physics	GENERAL	Q/(m*dT)			J/(kg·K)	CLOSED_FORM_NUMERIC	EXACT_WHEN_DECLARED	m must be non-negative | c must be non-negative	BACKEND_1_1_VERIFIED_BASELINE
physics-heat-energy	dT	Physics	Physics	GENERAL	Q/(m*c)			K	CLOSED_FORM_NUMERIC	EXACT_WHEN_DECLARED	m must be non-negative | c must be non-negative	BACKEND_1_1_VERIFIED_BASELINE
physics-heat-energy	m	Physics	Physics	GENERAL	Q/(c*dT)			kg	CLOSED_FORM_NUMERIC	EXACT_WHEN_DECLARED	m must be non-negative | c must be non-negative	BACKEND_1_1_VERIFIED_BASELINE
physics-ideal-lens	di	Physics	Physics	GENERAL	1/(1/f-1/do)			m	CLOSED_FORM_NUMERIC	EXACT_WHEN_DECLARED		BACKEND_1_1_VERIFIED_BASELINE
physics-ideal-lens	do	Physics	Physics	GENERAL	1/(1/f-1/di)			m	CLOSED_FORM_NUMERIC	EXACT_WHEN_DECLARED		BACKEND_1_1_VERIFIED_BASELINE
physics-ideal-lens	f	Physics	Physics	GENERAL	1/(1/do+1/di)			m	CLOSED_FORM_NUMERIC	EXACT_WHEN_DECLARED		BACKEND_1_1_VERIFIED_BASELINE
physics-impulse	F	Physics	Physics	GENERAL	J/t			N	CLOSED_FORM_NUMERIC	EXACT_WHEN_DECLARED	t must be non-negative	BACKEND_1_1_VERIFIED_BASELINE
physics-impulse	J	Physics	Physics	GENERAL	F*t			N·s	CLOSED_FORM_NUMERIC	EXACT_WHEN_DECLARED	t must be non-negative	BACKEND_1_1_VERIFIED_BASELINE
physics-impulse	t	Physics	Physics	GENERAL	J/F			s	CLOSED_FORM_NUMERIC	EXACT_WHEN_DECLARED	t must be non-negative	BACKEND_1_1_VERIFIED_BASELINE
physics-kinetic-energy	KE	Physics	Physics	GENERAL	0.5*m*v^2			J	CLOSED_FORM_NUMERIC	EXACT_WHEN_DECLARED	KE must be non-negative | m must be non-negative | v must be non-negative	BACKEND_1_1_VERIFIED_BASELINE
physics-kinetic-energy	m	Physics	Physics	GENERAL	2*KE/v^2			kg	CLOSED_FORM_NUMERIC	EXACT_WHEN_DECLARED	KE must be non-negative | m must be non-negative | v must be non-negative	BACKEND_1_1_VERIFIED_BASELINE
physics-kinetic-energy	v	Physics	Physics	GENERAL	sqrt(2*KE/m)			m/s	CLOSED_FORM_NUMERIC	EXACT_WHEN_DECLARED	KE must be non-negative | m must be non-negative | v must be non-negative	BACKEND_1_1_VERIFIED_BASELINE
physics-momentum	m	Physics	Physics	GENERAL	p/v			kg	CLOSED_FORM_NUMERIC	EXACT_WHEN_DECLARED	m must be non-negative	BACKEND_1_1_VERIFIED_BASELINE
physics-momentum	p	Physics	Physics	GENERAL	m*v			kg·m/s	CLOSED_FORM_NUMERIC	EXACT_WHEN_DECLARED	m must be non-negative	BACKEND_1_1_VERIFIED_BASELINE
physics-momentum	v	Physics	Physics	GENERAL	p/m			m/s	CLOSED_FORM_NUMERIC	EXACT_WHEN_DECLARED	m must be non-negative	BACKEND_1_1_VERIFIED_BASELINE
physics-ohms-law	I	Physics	Physics	GENERAL	V/R			A	CLOSED_FORM_NUMERIC	EXACT_WHEN_DECLARED	R must be non-negative	BACKEND_1_1_VERIFIED_BASELINE
physics-ohms-law	R	Physics	Physics	GENERAL	V/I			Ω	CLOSED_FORM_NUMERIC	EXACT_WHEN_DECLARED	R must be non-negative	BACKEND_1_1_VERIFIED_BASELINE
physics-ohms-law	V	Physics	Physics	GENERAL	I*R			V	CLOSED_FORM_NUMERIC	EXACT_WHEN_DECLARED	R must be non-negative	BACKEND_1_1_VERIFIED_BASELINE
physics-potential-energy	PE	Physics	Physics	GENERAL	m*g*h			J	CLOSED_FORM_NUMERIC	EXACT_WHEN_DECLARED	m must be non-negative | g must be non-negative	BACKEND_1_1_VERIFIED_BASELINE
physics-potential-energy	g	Physics	Physics	GENERAL	PE/(m*h)			m/s²	CLOSED_FORM_NUMERIC	EXACT_WHEN_DECLARED	m must be non-negative | g must be non-negative	BACKEND_1_1_VERIFIED_BASELINE
physics-potential-energy	h	Physics	Physics	GENERAL	PE/(m*g)			m	CLOSED_FORM_NUMERIC	EXACT_WHEN_DECLARED	m must be non-negative | g must be non-negative	BACKEND_1_1_VERIFIED_BASELINE
physics-potential-energy	m	Physics	Physics	GENERAL	PE/(g*h)			kg	CLOSED_FORM_NUMERIC	EXACT_WHEN_DECLARED	m must be non-negative | g must be non-negative	BACKEND_1_1_VERIFIED_BASELINE
physics-power-work-time	P	Physics	Physics	GENERAL	W/t			W	CLOSED_FORM_NUMERIC	EXACT_WHEN_DECLARED	t must be non-negative	BACKEND_1_1_VERIFIED_BASELINE
physics-power-work-time	W	Physics	Physics	GENERAL	P*t			J	CLOSED_FORM_NUMERIC	EXACT_WHEN_DECLARED	t must be non-negative	BACKEND_1_1_VERIFIED_BASELINE
physics-power-work-time	t	Physics	Physics	GENERAL	W/P			s	CLOSED_FORM_NUMERIC	EXACT_WHEN_DECLARED	t must be non-negative	BACKEND_1_1_VERIFIED_BASELINE
physics-pressure	A	Physics	Physics	GENERAL	F/p			m²	CLOSED_FORM_NUMERIC	EXACT_WHEN_DECLARED	A must be non-negative	BACKEND_1_1_VERIFIED_BASELINE
physics-pressure	F	Physics	Physics	GENERAL	p*A			N	CLOSED_FORM_NUMERIC	EXACT_WHEN_DECLARED	A must be non-negative	BACKEND_1_1_VERIFIED_BASELINE
physics-pressure	p	Physics	Physics	GENERAL	F/A			Pa	CLOSED_FORM_NUMERIC	EXACT_WHEN_DECLARED	A must be non-negative	BACKEND_1_1_VERIFIED_BASELINE
physics-speed	d	Physics	Physics	GENERAL	v*t			m	CLOSED_FORM_NUMERIC	EXACT_WHEN_DECLARED	v must be non-negative | d must be non-negative | t must be non-negative	BACKEND_1_1_VERIFIED_BASELINE
physics-speed	t	Physics	Physics	GENERAL	d/v			s	CLOSED_FORM_NUMERIC	EXACT_WHEN_DECLARED	v must be non-negative | d must be non-negative | t must be non-negative	BACKEND_1_1_VERIFIED_BASELINE
physics-speed	v	Physics	Physics	GENERAL	d/t			m/s	CLOSED_FORM_NUMERIC	EXACT_WHEN_DECLARED	v must be non-negative | d must be non-negative | t must be non-negative	BACKEND_1_1_VERIFIED_BASELINE
physics-torque	F	Physics	Physics	GENERAL	tau/r			N	CLOSED_FORM_NUMERIC	EXACT_WHEN_DECLARED	r must be non-negative	BACKEND_1_1_VERIFIED_BASELINE
physics-torque	r	Physics	Physics	GENERAL	tau/F			m	CLOSED_FORM_NUMERIC	EXACT_WHEN_DECLARED	r must be non-negative	BACKEND_1_1_VERIFIED_BASELINE
physics-torque	tau	Physics	Physics	GENERAL	F*r			N·m	CLOSED_FORM_NUMERIC	EXACT_WHEN_DECLARED	r must be non-negative	BACKEND_1_1_VERIFIED_BASELINE
physics-wave-speed	f	Physics	Physics	GENERAL	v/lambda			Hz	CLOSED_FORM_NUMERIC	EXACT_WHEN_DECLARED	v must be non-negative | f must be non-negative | lambda must be non-negative	BACKEND_1_1_VERIFIED_BASELINE
physics-wave-speed	lambda	Physics	Physics	GENERAL	v/f			m	CLOSED_FORM_NUMERIC	EXACT_WHEN_DECLARED	v must be non-negative | f must be non-negative | lambda must be non-negative	BACKEND_1_1_VERIFIED_BASELINE
physics-wave-speed	v	Physics	Physics	GENERAL	f*lambda			m/s	CLOSED_FORM_NUMERIC	EXACT_WHEN_DECLARED	v must be non-negative | f must be non-negative | lambda must be non-negative	BACKEND_1_1_VERIFIED_BASELINE
physics-work	F	Physics	Physics	GENERAL	W/d			N	CLOSED_FORM_NUMERIC	EXACT_WHEN_DECLARED		BACKEND_1_1_VERIFIED_BASELINE
physics-work	W	Physics	Physics	GENERAL	F*d			J	CLOSED_FORM_NUMERIC	EXACT_WHEN_DECLARED		BACKEND_1_1_VERIFIED_BASELINE
physics-work	d	Physics	Physics	GENERAL	W/F			m	CLOSED_FORM_NUMERIC	EXACT_WHEN_DECLARED		BACKEND_1_1_VERIFIED_BASELINE
ratio-proportion	a	Math	Arithmetic	GENERAL	b*c/d				CLOSED_FORM_NUMERIC	EXACT_WHEN_DECLARED		BACKEND_1_1_VERIFIED_BASELINE
ratio-proportion	b	Math	Arithmetic	GENERAL	a*d/c				CLOSED_FORM_NUMERIC	EXACT_WHEN_DECLARED		BACKEND_1_1_VERIFIED_BASELINE
ratio-proportion	c	Math	Arithmetic	GENERAL	a*d/b				CLOSED_FORM_NUMERIC	EXACT_WHEN_DECLARED		BACKEND_1_1_VERIFIED_BASELINE
ratio-proportion	d	Math	Arithmetic	GENERAL	b*c/a				CLOSED_FORM_NUMERIC	EXACT_WHEN_DECLARED		BACKEND_1_1_VERIFIED_BASELINE
stats-v4-binomial-mean	mu	Statistics	Statistics Expansion	GENERAL	n*p				CLOSED_FORM_NUMERIC	EXACT_WHEN_DECLARED	All declared domain constraints are enforced; required values may not be guessed.	V4_DETERMINISTIC_CATALOG|V4_ORIGINAL_MISSION
stats-v4-binomial-mean	n	Statistics	Statistics Expansion	GENERAL	mu/p				CLOSED_FORM_NUMERIC	EXACT_WHEN_DECLARED	All declared domain constraints are enforced; required values may not be guessed.	V4_DETERMINISTIC_CATALOG|V4_ORIGINAL_MISSION
stats-v4-binomial-mean	p	Statistics	Statistics Expansion	GENERAL	mu/n				CLOSED_FORM_NUMERIC	EXACT_WHEN_DECLARED	All declared domain constraints are enforced; required values may not be guessed.	V4_DETERMINISTIC_CATALOG|V4_ORIGINAL_MISSION
stats-v4-coefficient-variation	CV	Statistics	Statistics Expansion	GENERAL	sigma/mu*100			%	CLOSED_FORM_NUMERIC	EXACT_WHEN_DECLARED	Declared domain constraints are enforced; missing values are never guessed.	OPENSTAX_INTRODUCTORY_STATISTICS_2E|V4_ORIGINAL_MISSION|V4_SUBJECT_EXPANSION
stats-v4-coefficient-variation	mu	Statistics	Statistics Expansion	GENERAL	sigma*100/CV				CLOSED_FORM_NUMERIC	EXACT_WHEN_DECLARED	Declared domain constraints are enforced; missing values are never guessed.	OPENSTAX_INTRODUCTORY_STATISTICS_2E|V4_ORIGINAL_MISSION|V4_SUBJECT_EXPANSION
stats-v4-coefficient-variation	sigma	Statistics	Statistics Expansion	GENERAL	CV*mu/100				CLOSED_FORM_NUMERIC	EXACT_WHEN_DECLARED	Declared domain constraints are enforced; missing values are never guessed.	OPENSTAX_INTRODUCTORY_STATISTICS_2E|V4_ORIGINAL_MISSION|V4_SUBJECT_EXPANSION
stats-v4-margin-error	E	Statistics	Statistics Expansion	GENERAL	z*sigma/sqrt(n)				CLOSED_FORM_NUMERIC	EXACT_WHEN_DECLARED	Declared domain constraints are enforced; missing values are never guessed.	OPENSTAX_INTRODUCTORY_STATISTICS_2E|V4_ORIGINAL_MISSION|V4_SUBJECT_EXPANSION
stats-v4-margin-error	n	Statistics	Statistics Expansion	GENERAL	(z*sigma/E)^2				CLOSED_FORM_NUMERIC	EXACT_WHEN_DECLARED	Declared domain constraints are enforced; missing values are never guessed.	OPENSTAX_INTRODUCTORY_STATISTICS_2E|V4_ORIGINAL_MISSION|V4_SUBJECT_EXPANSION
stats-v4-margin-error	sigma	Statistics	Statistics Expansion	GENERAL	E*sqrt(n)/z				CLOSED_FORM_NUMERIC	EXACT_WHEN_DECLARED	Declared domain constraints are enforced; missing values are never guessed.	OPENSTAX_INTRODUCTORY_STATISTICS_2E|V4_ORIGINAL_MISSION|V4_SUBJECT_EXPANSION
stats-v4-margin-error	z	Statistics	Statistics Expansion	GENERAL	E*sqrt(n)/sigma				CLOSED_FORM_NUMERIC	EXACT_WHEN_DECLARED	Declared domain constraints are enforced; missing values are never guessed.	OPENSTAX_INTRODUCTORY_STATISTICS_2E|V4_ORIGINAL_MISSION|V4_SUBJECT_EXPANSION
stats-v4-sample-size	E	Statistics	Statistics Expansion	GENERAL	z*sigma/sqrt(n)				CLOSED_FORM_NUMERIC	EXACT_WHEN_DECLARED	Declared domain constraints are enforced; missing values are never guessed.	OPENSTAX_INTRODUCTORY_STATISTICS_2E|V4_ORIGINAL_MISSION|V4_SUBJECT_EXPANSION
stats-v4-sample-size	n	Statistics	Statistics Expansion	GENERAL	(z*sigma/E)^2				CLOSED_FORM_NUMERIC	EXACT_WHEN_DECLARED	Declared domain constraints are enforced; missing values are never guessed.	OPENSTAX_INTRODUCTORY_STATISTICS_2E|V4_ORIGINAL_MISSION|V4_SUBJECT_EXPANSION
stats-v4-sample-size	sigma	Statistics	Statistics Expansion	GENERAL	E*sqrt(n)/z				CLOSED_FORM_NUMERIC	EXACT_WHEN_DECLARED	Declared domain constraints are enforced; missing values are never guessed.	OPENSTAX_INTRODUCTORY_STATISTICS_2E|V4_ORIGINAL_MISSION|V4_SUBJECT_EXPANSION
stats-v4-sample-size	z	Statistics	Statistics Expansion	GENERAL	E*sqrt(n)/sigma				CLOSED_FORM_NUMERIC	EXACT_WHEN_DECLARED	Declared domain constraints are enforced; missing values are never guessed.	OPENSTAX_INTRODUCTORY_STATISTICS_2E|V4_ORIGINAL_MISSION|V4_SUBJECT_EXPANSION
stats-v4-standard-error	SE	Statistics	Statistics Expansion	GENERAL	sigma/sqrt(n)				CLOSED_FORM_NUMERIC	EXACT_WHEN_DECLARED	All declared domain constraints are enforced; required values may not be guessed.	V4_DETERMINISTIC_CATALOG|V4_ORIGINAL_MISSION
stats-v4-standard-error	n	Statistics	Statistics Expansion	GENERAL	(sigma/SE)^2				CLOSED_FORM_NUMERIC	EXACT_WHEN_DECLARED	All declared domain constraints are enforced; required values may not be guessed.	V4_DETERMINISTIC_CATALOG|V4_ORIGINAL_MISSION
stats-v4-standard-error	sigma	Statistics	Statistics Expansion	GENERAL	SE*sqrt(n)				CLOSED_FORM_NUMERIC	EXACT_WHEN_DECLARED	All declared domain constraints are enforced; required values may not be guessed.	V4_DETERMINISTIC_CATALOG|V4_ORIGINAL_MISSION
stats-v4-z-score	mu	Statistics	Statistics Expansion	GENERAL	x-z*sigma				CLOSED_FORM_NUMERIC	EXACT_WHEN_DECLARED	All declared domain constraints are enforced; required values may not be guessed.	V4_DETERMINISTIC_CATALOG|V4_ORIGINAL_MISSION
stats-v4-z-score	sigma	Statistics	Statistics Expansion	GENERAL	(x-mu)/z				CLOSED_FORM_NUMERIC	EXACT_WHEN_DECLARED	All declared domain constraints are enforced; required values may not be guessed.	V4_DETERMINISTIC_CATALOG|V4_ORIGINAL_MISSION
stats-v4-z-score	x	Statistics	Statistics Expansion	GENERAL	mu+z*sigma				CLOSED_FORM_NUMERIC	EXACT_WHEN_DECLARED	All declared domain constraints are enforced; required values may not be guessed.	V4_DETERMINISTIC_CATALOG|V4_ORIGINAL_MISSION
stats-v4-z-score	z	Statistics	Statistics Expansion	GENERAL	(x-mu)/sigma				CLOSED_FORM_NUMERIC	EXACT_WHEN_DECLARED	All declared domain constraints are enforced; required values may not be guessed.	V4_DETERMINISTIC_CATALOG|V4_ORIGINAL_MISSION
text-v4-reading-time	minutes	Text / Language	Text Expansion	GENERAL	words/wpm			min	CLOSED_FORM_NUMERIC	EXACT_WHEN_DECLARED	All declared domain constraints are enforced; required values may not be guessed.	V4_DETERMINISTIC_CATALOG|V4_ORIGINAL_MISSION
text-v4-reading-time	words	Text / Language	Text Expansion	GENERAL	minutes*wpm				CLOSED_FORM_NUMERIC	EXACT_WHEN_DECLARED	All declared domain constraints are enforced; required values may not be guessed.	V4_DETERMINISTIC_CATALOG|V4_ORIGINAL_MISSION
text-v4-reading-time	wpm	Text / Language	Text Expansion	GENERAL	words/minutes				CLOSED_FORM_NUMERIC	EXACT_WHEN_DECLARED	All declared domain constraints are enforced; required values may not be guessed.	V4_DETERMINISTIC_CATALOG|V4_ORIGINAL_MISSION
